id,year,source_quote_exact,content_nature,proposed_section,people_mentioned,claim_to_verify,reference_to_verify,verification_status,action,notes,labels,date,link,kind,parent_id,value_type,priority,auto_categories,discrepancy,source_files
1297448325507977216,2020,"@NorahAlshaimi أحسن الله إليك.. لو دققنا لوجدنا كتب الأدب مليئة بالشعر الغير منسوب لشعراء وقصص لم تثبت ولا مصادر لها.. مثلا ما ذكر من قصص في كتاب تزيين الأسواق او مصارع العشاق والحديث يطوول حولها لكن نأخذ الجيد منه ولتعم الفائدة ولنكثر من سواد العربية.. 
تحياتي نورة مرة أخرى.. ❤",رأي أصلي محتمل,داخلي: يوافق درجات الرواية (الأساس 5.1)؛ مخطط: 4.21 «كتب الأخبار الكبرى: كم نثق بها»,كتابا «تزيين الأسواق» و«مصارع العشاق»,كتب الأدب مليئة بشعر غير منسوب وقصص لم تثبت، مثل «تزيين الأسواق» و«مصارع العشاق»، «لكن نأخذ الجيد منه».,الكتابان خارج السجل.,لا نفع مباشر الآن,يُضم إلى فهرس آراء صاحب الحساب المنهجية.,سياق المحادثة غير متاح. المنشور الأصل: 1297447473334583297. ورد في الملفين: C1 وA1.,C1/A1,2020-08-23 11:19:20,https://x.com/Arabic_poetry_0/status/1297448325507977216,رد,1297447473334583297,منهج (موثوقية كتب الأدب),3 — منخفض,تحقيق النسبة والروايات، الكتب والمصادر والقراءة، نقد وموازنة وتذوق,,02_Literary_Criticism_01 + 01_Attribution_and_Variants_01
1465011510850338820,2021,"قيل قديماً: ""فقد الأحبّة غُربة""

وهذه الأبيات أجمل ما قيل عن الغربة، ويُقال أن أحد الشعراء رآها مكتوبة على حائط في بغداد:

غريبُ الدارِ ليس له صديقُ
جميعُ سؤالِه: أين الطريقُ؟

تعلق بالسؤالِ لكلِّ شيء
كما يتعلق الرجلُ الغريقُ

فلا تجزَع،فكلُّ فتًى سيأتي
على حالاتِه سَعَةٌ وضيقُ",نقل مع تعليق,غير محدد (الباب 4؛ موضوع الغربة),—,الأبيات «أجمل ما قيل عن الغربة»، و«يقال إن أحد الشعراء رآها مكتوبة على حائط في بغداد». و«فقد الأحبة غربة» قول مأثور.,—,صالح بعد التوثيق,البحث عن مصدر الخبر، ومرشحه «أدب الغرباء» (خارج السجل). ولا تُعتمد نسبة القول المأثور.,الحكم الذوقي لصاحب الحساب. ورد في الملفين: C2 وA2.,C2/A2,2021-11-28 20:35:37,https://x.com/Arabic_poetry_0/status/1465011510850338820,منشور مستقل,,نص؛ خبر (أدب الغرباء),3 — منخفض,نقد وموازنة وتذوق، تحقيق النسبة والروايات,نص بلا قائل مع خبر «الحائط» صُنّف «تحقيق النسبة»؛ ليس فيه تعقب.,02_Literary_Criticism_01 + 01_Attribution_and_Variants_01
1672889725974085632,2023,"الذين يقرأون نفس الرواية، هل حقا يقرأون نفس الرواية !؟
..
القراءة: هي عبارة عن عملية تفكيرية معرفية، يتم من خلالها بناء المعنى، ومن ثم فهم النص .. وما أحسن قول الشاعر:
ولا كل من طلب السعادة نالها
ولا كل من قرأ الكتاب فهيم.",رأي أصلي محتمل,لا موضع,—,هل يقرأ قراء الرواية الواحدة الرواية نفسها؟ القراءة عملية بناء معنى؛ وبيت «ولا كل من قرأ الكتاب فهيم».,—,لا نفع مباشر الآن,لا شيء.,البيت بلا قائل. ورد في الملفين: C3 وA4.,C3/A4,2023-06-25 11:49:26,https://x.com/Arabic_poetry_0/status/1672889725974085632,منشور مستقل,,تجربة قراءة,3 — منخفض,نقد وموازنة وتذوق، تحقيق النسبة والروايات، شرح المعاني والنصوص,تأمل في القراءة صُنّف «تحقيق النسبة» و«شرح».,02_Literary_Criticism_01 + 01_Attribution_and_Variants_01
1278361124144951297,2020,"أفديه إن حفظ الهوى أو ضيعا
ملك الفؤاد فما عسى أن أصنعا

من لم يذق ظُلم الحبيب كظَلمه
حلوا فقد جهل المحبة وادعى

يا أيها الوجه الجميل تدارك 
الصبالنحيل فقد عفا وتضعضعا
..
يقول في البيت الثاني  من لم ير أن ظلم الحبيب حلو المذاق
مثل ريقه فهو جاهل ومدع بالحب
(ابن النبيه)",نقل مع تعليق,الباب 6 (ابن النبيه، وجه),ابن النبيه,الأبيات لابن النبيه، وشرح الثاني: «من لم ير أن ظلم الحبيب حلو المذاق مثل ريقه فهو جاهل ومدع بالحب».,ديوان ابن النبيه (خارج السجل).,صالح بعد التوثيق,الشرح يقوم على الجناس بين ظُلم وظَلْم (ماء الأسنان)، ويصلح شاهدًا إن وثقت النسبة.,في النص «الصبالنحيل» كما هو في الأرشيف.,C4,2020-07-01 19:13:37,https://x.com/Arabic_poetry_0/status/1278361124144951297,منشور مستقل,,شرح نص (جناس),3 — منخفض,شرح المعاني والنصوص، نقد وموازنة وتذوق,,02_Literary_Criticism_01
1285274458031190016,2020,"شَرحَ البيت الاول في البيت الثاني بِدقَة وجَمال ثُم اجاد في التشبيهِ أيَّما إجادة لا عجبْ فهذا ماني المسوس : 
.
نشرتْ غدائرَ شعرِها لتظلَّني
خوفَ العيونِ من الوشاةِ الرُّمقِ

فكأنَّهُ وكأنَّها وكأنَّني
صُبحان باتا تحت ليلٍ مُطبقِ
—",نقل مع تعليق,وجه عباسي (مانيّ الموسوس)؛ بطاقة «التشبيه» (al-tashbih),مانيّ الموسوس («ماني المسوس»),شرح البيت الأول في الثاني، ثم أجاد التشبيه: «فكأنه وكأنها وكأنني صبحان باتا تحت ليل مطبق».,لم يظهر في بحث أولي في الموشح والعمدة والعقد والكامل واليتيمة والوفيات.,صالح بعد التوثيق,يُبحث عن مصدر النسبة. والحكم النقدي «شرح الأول في الثاني» يُحفظ لصاحب الحساب.,,C5,2020-07-20 21:04:44,https://x.com/Arabic_poetry_0/status/1285274458031190016,منشور مستقل,,قضية نقدية (تشبيه),3 — منخفض,شرح المعاني والنصوص، البلاغة والصورة الفنية، نقد وموازنة وتذوق,,02_Literary_Criticism_01
1339895368704696320,2020,"مَن يَذكر لَنا القِصة وَراءَ هٰذا البَيت أو مَن يَذكُر لنَا معناهُ وأقَلها القائِل :-
.
أشوقًا ولمَّا يمضِ لي غيرُ ليلةٍ
                فكيفَ إذا سارَ المطيُّ بنا شَهرا؟!
.
سَأذكرُ لَكمُ القِصةَ بَعد أن أَرىٰ إجَابَاتُكمْ.☺",سؤال نقدي,غير محدد (يتبع القائل),—,للبيت «أشوقًا ولما يمض لي غير ليلة…» قصة، والقائل غير مذكور.,فحص أولي: البيت في عيون الأخبار ج3 ص40 [@uyun-al-akhbar] (القائل لم يُستخرج بعد). وفي الكامل [@kamil] وأمالي القالي [@qali] صدر قريب بعجز آخر: «رويد الهوى حتى تغب لياليا».,صالح للتحقيق,استخراج القائل والقصة من عيون الأخبار، ومقارنة الروايتين.,القصة التي وعد بها صاحب الحساب غير محفوظة.,C6,2020-12-18 14:28:44,https://x.com/Arabic_poetry_0/status/1339895368704696320,منشور مستقل,,خبر؛ نص,3 — منخفض,شرح المعاني والنصوص، نقد وموازنة وتذوق,,02_Literary_Criticism_01
1407613530346430468,2021,"مثال عن تغريدة الثقلاء. 
الناقد الأدبي يجب عليه معرفة ٣ مجالات: (المجال اللغوي)و( الأدبي)و( العام). 
وكل مجال له تفاصيله مثلا:
المجال اللغوي: المراد به معرفته بعلوم اللغة،صرفها ونحوها وبلاغتها ووالخ
.
إليكم أحد النقاد ومدعيّ المعرفة والعلم وأنتم الحَكمْ! 
كرما اقرأوا ما قبل هذه👇 https://t.co/1T0LfRKv6q",رأي أصلي محتمل,داخلي: فهرس المنهج,—,الناقد الأدبي يجب أن يعرف ثلاثة مجالات: اللغوي، والأدبي، والعام.,—,يحتاج سياقًا,تُحفظ فكرة «المجالات الثلاثة» وحدها. وفي المنشور تعريض بشخص فلا يُنقل.,يقتبس تغريدة لحساب آخر غير محفوظة. فيه رابط أو وسائط (t.co) لم تُحفظ مادتها في الدفعة.,C7,2021-06-23 11:16:32,https://x.com/Arabic_poetry_0/status/1407613530346430468,اقتباس محتمل,,منهج (عدّة الناقد),3 — منخفض,نقد وموازنة وتذوق، شرح المعاني والنصوص، اللغة والنحو والمعاجم,,02_Literary_Criticism_01
1424998147755896838,2021,"مِن أجمل ما جاء في أشعار العرب تأكيدُ المدحِ بما يشبهُ الذمّ، عندما تكون العيوبُ مزايا، كقول الشاعر:
""ولا عيبَ فيهم غيرَ أنّ قلوبهم
كأنسامِ ليلٍ بل أرقُّ وأعذبُ

ولا سوءَ فيهم غيرَ أنّ حُضورهمْ
يرفُّ له قلبي وللروحِ يسلبُ""
..
👇👇",نقل مع تعليق,قائم: المصطلح معرَّف في قصيدة النابغة «كليني لهم» البيت 19 (/texts/kilini/19/)؛ مخطط: 4.20 البلاغة,—,تعريف: «عندما تكون العيوب مزايا»، مع شاهد «ولا عيب فيهم غير أن قلوبهم كأنسام ليل…».,الشاهد بلا قائل.,لا نفع مباشر الآن,لا يُضاف: المصطلح مغطى، والشاهد مجهول القائل ولغته قريبة من الحديث، فلا يصلح شاهدًا قبل معرفة قائله.,بقية السلسلة غير محفوظة.,C8,2021-08-10 10:36:48,https://x.com/Arabic_poetry_0/status/1424998147755896838,منشور مستقل,,قضية بلاغية (تأكيد المدح بما يشبه الذم),1 — يمس صفحات مكتوبة,نقد وموازنة وتذوق، البلاغة والصورة الفنية,,02_Literary_Criticism_01
1407343365797158923,2021,"@fp8zheSky419dry عين الصواب يا عبدالله.. في نقطتك الأولى يجب اتخاذ قاعدة..(بالتي هي أحسن) فاللين مفتاح القلوب!  
النقطة الثانية يتم نسيان كل ما بذلت من جهد في كتابة ثريد كامل ويركز على خطأ املائي!  أو تغرد بشيء لم يفهم معناه فيحملك نتيجة سوء فهمه!  
.
من قال أنا لا أخطئ فقد أخطأ. وفق الله الجميع",مجاملة أو جواب إداري,لا موضع,—,اللين في النقد، ونسيان الجهد والتركيز على الخطأ الإملائي.,—,لا نفع مباشر الآن,لا شيء.,سياق المحادثة غير متاح. المنشور الأصل: 1407340196069314582. ورد في الملفين: C9 وA10.,C9/A10,2021-06-22 17:23:00,https://x.com/Arabic_poetry_0/status/1407343365797158923,رد,1407340196069314582,آداب النقاش,3 — منخفض,تحقيق النسبة والروايات، نقد وموازنة وتذوق، شرح المعاني والنصوص,إداري/آداب نقاش صُنّف «نقد» و«تحقيق نسبة».,02_Literary_Criticism_01 + 01_Attribution_and_Variants_01
1522895028128866304,2022,"اِشتهرَ صفي الدين الحلي بالشعرِ أكثر مِن اشتهارهِ بالنثرِ معَ أنهُ قد برزَ في كِليهما، وعدّهُ النقادُ والباحثونَ أشعر شعراءِ عصرهِ لما امتازَ بهِ شعرهُ مِن خصائصٍ وسماتٍ على صَعيديّ المعانيّ والألفاظ، ومِن قصائدهِ المشهورةِ:
..
👇يتبع👇 https://t.co/frHYuvdQEQ",نقل مع تعليق,مخطط: 6.3 صفي الدين الحلي والبديعيات,صفي الدين الحلي,اشتهر بالشعر أكثر من النثر، و«عده النقاد والباحثون أشعر شعراء عصره».,الأعلام [@zirikli]؛ و«النقاد» غير مسمين.,صالح بعد التوثيق,منخفض.,بقية السلسلة غير محفوظة (صورة t.co). ونص C12 مطابق له.,C10,2022-05-07 14:04:03,https://x.com/Arabic_poetry_0/status/1522895028128866304,منشور مستقل,,ترجمة شاعر,3 — منخفض,نقد وموازنة وتذوق، شرح المعاني والنصوص,مكرر حرفيًّا في C12 دون تنبيه.,02_Literary_Criticism_01
1646614445257371648,2023,"تأكيد المدح بما يشبه الذم، أسلوب وارد في كلام العرب مثل أن يُثبت لشيء صفة مدح، ويُؤتى بعدها بأداة استثناء تليها صفة مدح أُخرى مثال:
""ليس به عيبٌ سوى أَنّه
لا تقع العينُ على شِبهه""
خدعه فلم يذكُر عيبًا، بل أكّد المدح الأول في صورة توهم الذّم. https://t.co/dEPiAQVDOd",نقل مع تعليق,قائم: kilini/19 (تعريف المصطلح)؛ مخطط: 4.20 البلاغة,—,تعريف الأسلوب وشاهده «ليس به عيب سوى أنه لا تقع العين على شبهه».,كتب البديع (خزانة ابن حجة [@khizana-hamawi]) لمعرفة قائل الشاهد.,صالح للتحقيق,يُحفظ شاهدًا مرشحًا للعباسي إذا عُرف قائله.,يرتبط بـ C22 (الشاهد نفسه بشرح صاحب الحساب). فيه رابط أو وسائط (t.co) لم تُحفظ مادتها في الدفعة.,C11,2023-04-13 23:40:51,https://x.com/Arabic_poetry_0/status/1646614445257371648,اقتباس محتمل,,قضية بلاغية؛ شاهد,3 — منخفض,البلاغة والصورة الفنية، نقد وموازنة وتذوق,,02_Literary_Criticism_01
1687206538518384640,2023,"اشتهرَ صفي الدين الحلي بالشعرِ أكثر مِن اشتهارهِ بالنثرِ معَ أنهُ قد برزَ في كِليهما، وعدّهُ النقادُ والباحثونَ أشعر شعراءِ عصرهِ لما امتازَ بهِ شعرهُ مِن خصائصٍ وسماتٍ على صَعيديّ المعانيّ والألفاظ، ومِن قصائدهِ المشهورةِ:
..
👇يتبع👇 https://t.co/eYqSngzAhq",نقل مع تعليق,كما في C10,صفي الدين الحلي,تكرار حرفي لـ C10 (2023).,كما في C10.,لا نفع مباشر الآن,لا شيء؛ مكرر.,بعده تكملة («يتبع») لم تُحفظ في الدفعة. فيه رابط أو وسائط (t.co) لم تُحفظ مادتها في الدفعة.,C12,2023-08-03 23:59:20,https://x.com/Arabic_poetry_0/status/1687206538518384640,منشور مستقل,,ترجمة شاعر (مكرر),3 — منخفض,نقد وموازنة وتذوق، شرح المعاني والنصوص,مكرر C10 دون تنبيه.,02_Literary_Criticism_01
1356302866281947136,2021,"حُكي أن المتنبي على قلةِ رضاه عن شعر أحد فإنهُ على ما ذُكِر عنه أُنْشِد لجملةٍ من شعراء الأندلس حتى أُنشِد قول يحيى القرطبي:

إذا حَبَستُ على قلبي يَدي بِيدي 
وصحتُ في الليلة الظلماء واكبدي
.
ضجت كواكبُ ليلي في مطالعها 
وذابت الصخرة الصمّاء من كَبدِ

فقال : هذا أشعر أهل المغرب.",نقل مباشر,مخطط: 5.1 «المشرق في عيون الأندلس»,المتنبي؛ يحيى القرطبي,حكي أن المتنبي سمع شعر جماعة من الأندلسيين، فلما سمع بيتي يحيى القرطبي قال: «هذا أشعر أهل المغرب».,لم يظهر في بحث أولي في نفح الطيب [@nafh] والوفيات واليتيمة؛ يُبحث في جذوة المقتبس وغيره.,صالح بعد التوثيق,لا يُعتمد قبل العثور على المصدر. صاحب الحساب نفسه تحفّظ: «على ما ذُكر عنه».,,C13,2021-02-01 21:06:16,https://x.com/Arabic_poetry_0/status/1356302866281947136,منشور مستقل,,خبر نقدي,2 — مدخل لمسح عصر لاحق,التاريخ والتراجم والأخبار، نقد وموازنة وتذوق,,02_Literary_Criticism_01
1385293944905338882,2021,"@box_909090 بوركت الأبيات وهي لمجنون ليلى كالتالي:
""أمر على الديارِ ديارُ ليلى
أقبل ذا الجدار وذا الجدار
وما حب الديار شغفن قلبي
ولكن حب من سكن الديار""
..
 ولعلكم نقلتوها حفظا وهذا شيء يدل على حب اللغة والشعر.. جزاكم الله خير وشكر سعيكم.. 💙",نقل مع تعليق,مخطط: 3.7 مجنون ليلى,مجنون ليلى,«أمر على الديار ديار ليلى…» لمجنون ليلى.,الأغاني [@aghani-dk] ترجمة المجنون (وفيها الخلاف في وجوده).,صالح للتحقيق,يُفحص عند كتابة 3.7، والنسبة إلى «المجنون» تحمل خلاف وجوده.,سياق المحادثة غير متاح. المنشور الأصل: 1385292809603846144.,C14,2021-04-22 21:06:28,https://x.com/Arabic_poetry_0/status/1385293944905338882,رد,1385292809603846144,تصويب نسبة,3 — منخفض,نقد وموازنة وتذوق، شرح المعاني والنصوص، اللغة والنحو والمعاجم,,02_Literary_Criticism_01
1421378537496346624,2021,"عمر بن أبي ربيعة لم يرَ امرأةً إلا ""تغزّل"" بها كما يقولُ النقاد، كذلكَ الشاعر ""الأمويّ العرجيّ"" لم يكن منه ببعيد، على سبيل المثال تغزل بـ : هند و سلمى، أسماء ، عُثيمة وغيرهنّ الكثير. 
تحت هذه التغريدة سأنقل لكم أولاً ما راق لي من شِعره ثم ما قال في ما ذَكرتُ من النساء:

👇يتبع👇 https://t.co/Kir8NmtzhD",رأي أصلي محتمل,مخطط: 3.8 عمر بن أبي ربيعة؛ وجه أموي (العرجي)؛ وقسم المجون الأموي إن كان في المختار صريح,عمر بن أبي ربيعة؛ العرجي؛ هند؛ سلمى؛ أسماء؛ عثيمة,عمر «لم ير امرأة إلا تغزل بها كما يقول النقاد»، والعرجي قريب منه، وتغزل بهند وسلمى وأسماء وعثيمة.,الأغاني [@aghani-dk] ترجمة العرجي.,صالح بعد التوثيق,يُبحث عن «النقاد» المقصودين.,بقية السلسلة غير محفوظة. فيه رابط أو وسائط (t.co) لم تُحفظ مادتها في الدفعة.,C15,2021-07-31 10:53:45,https://x.com/Arabic_poetry_0/status/1421378537496346624,منشور مستقل,,ترجمة شاعر (غزل),2 — مدخل لمسح عصر لاحق,نقد وموازنة وتذوق، شرح المعاني والنصوص,,02_Literary_Criticism_01
1424285519878385673,2021,"مِن أجمل ما قِيلَ في الجناس المركَّب قولُ السُّهروَردِيّ المقتول و تُنسبُ كذلكَ للحلاج:
.
أرى قَدَمِي...أراقَ دَمِي. 
فهانَ دَمِي...وها نَدَمِي.",نقل مع تعليق,مخطط: 4.22 الشعر الصوفي؛ 4.20 البلاغة,السهروردي المقتول؛ الحلاج,«أرى قدمي أراق دمي…» للسهروردي المقتول، وتنسب كذلك للحلاج.,وفيات الأعيان [@wafayat] ترجمة السهروردي.,صالح للتحقيق,فحص الوفيات.,صاحب الحساب ترك النسبة مفتوحة. ورد في الملفين: C16 وA14.,C16/A14,2021-08-08 11:25:04,https://x.com/Arabic_poetry_0/status/1424285519878385673,منشور مستقل,,شاهد بلاغي (جناس مركب)؛ نسبة مختلف فيها,3 — منخفض,تحقيق النسبة والروايات، نقد وموازنة وتذوق,,02_Literary_Criticism_01 + 01_Attribution_and_Variants_01
1616355520968892423,2023,"يقولُ لسان الدين الخطيب - العصر المملوكي- :
سِهامُ المَنايَا لا تَطِيشُ ولا تُخطِي
وَلِلدَّهرِ كَفُّ يَستَرِدُّ الَّذي يُعطِي !

ولكن هناكَ شاعر قَبلهُ مِنَ -العصر العباسي- قد قالَ قصيدة على نفس الوزنِ والقافيةِ والمعنى أنقلُ لكم منها أعذبُ أبياتها، يقولُ فيها: https://t.co/zq03c0g6cj",نقل مع تعليق,مخطط: 5.9 لسان الدين بن الخطيب؛ بطاقة «الأخذ» (al-akhdh),لسان الدين بن الخطيب؛ (شاعر عباسي غير مسمى),«سهام المنايا لا تطيش ولا تخطي…» للسان الدين، وقبله شاعر عباسي قال قصيدة على الوزن والقافية والمعنى نفسه.,الإحاطة (خارج السجل)؛ نفح الطيب [@nafh].,يحتاج سياقًا,معرفة الشاعر العباسي من الصورة أو السلسلة.,وصف لسان الدين بأنه من «العصر المملوكي» يخالف تقسيم المشروع، فهو في الأندلس (5.9). وفيه صورة t.co.,C17,2023-01-20 11:42:41,https://x.com/Arabic_poetry_0/status/1616355520968892423,منشور مستقل,,موازنة (أخذ),2 — مدخل لمسح عصر لاحق,نقد وموازنة وتذوق، العروض والقافية، التاريخ والتراجم والأخبار,,02_Literary_Criticism_01
1636770443657986058,2023,"من أعظم ما قِيل وينسب لعمر بن الخطاب -رضي الله عنه ، والله أعلم بصحة النسبة- ولكنه قول عظيم: إن العطاء ليس مالًا فقط، وإنما نحفظ الماء في الوجوه، ونطيّب الخواطر، ونراعي الكرامات، فإن إراقة ماء وجه إنسان كإراقة دمه.
..
""فَإِنَّ إِراقَةَ ماءَ الحَياةِ 
دونَ إِراقَةِ ماءِ المُحَيّا"" https://t.co/oaB5FtQMAx",نقل مع تعليق,لا موضع,عمر بن الخطاب,قول ينسب لعمر «والله أعلم بصحة النسبة»، مع بيت «فإن إراقة ماء الحياة دون إراقة ماء المحيا».,—,لا نفع مباشر الآن,لا شيء.,صاحب الحساب تحفظ في النسبة. والبيت بلا قائل. وفيه صورة t.co. ورد في الملفين: C18 وA16.,C18/A16,2023-03-17 19:44:18,https://x.com/Arabic_poetry_0/status/1636770443657986058,منشور مستقل,,قول منسوب؛ بيت,3 — منخفض,تحقيق النسبة والروايات، نقد وموازنة وتذوق,قول ديني منسوب لعمر صُنّف «تحقيق النسبة»؛ التحفظ موجود لكنه لا يمس الأدب.,02_Literary_Criticism_01 + 01_Attribution_and_Variants_01
1640816707123171328,2023,"هذه الابيات:
يا أهل بيت رسول الله حبكم
 فرض من الله في القرآن أنزله
ليست للإمام محمد بن إدريس الشافعي -صاحب المذهب- ، وهي إما لمحمد بن يوسف الكنجي الشافعي أو للفقيه أبو عبدالله الأنباري.
..
وقد نسبها ابن حجر الهيتمي في الصواعق المحرقة للشافعي الإمام وهم منه وخطأ لتقارب الأسماء.",رأي أصلي محتمل,مقترح: «ما نُحل على علي والشافعي»,الشافعي؛ محمد بن يوسف الكنجي الشافعي؛ أبو عبد الله الأنباري؛ ابن حجر الهيتمي,«يا أهل بيت رسول الله حبكم» ليست للشافعي صاحب المذهب، بل للكنجي أو لأبي عبد الله الأنباري، ونسبها الهيتمي في «الصواعق المحرقة» إليه وهمًا لتقارب الأسماء.,الصواعق المحرقة (خارج السجل)؛ مصدر نسبتها إلى الكنجي أو الأنباري غير مذكور.,صالح بعد التوثيق,يُطلب مصدر النسبتين البديلتين قبل أي استعمال. وتفسير «تقارب الأسماء» يُعرض رأيًا لصاحب الحساب حتى يوجد له سند.,لا مصدر مذكور؛ قد يلخص تحقيقًا سابقًا. ورد في الملفين: C19 وA17.,C19/A17,2023-03-28 23:42:42,https://x.com/Arabic_poetry_0/status/1640816707123171328,منشور مستقل,,تعقب نسبة,2 — مدخل لمسح عصر لاحق,تحقيق النسبة والروايات، نقد وموازنة وتذوق,,02_Literary_Criticism_01 + 01_Attribution_and_Variants_01
1653787783830417411,2023,"فاستعملِي الرِفق فِي تَأِنِيبِهِ بَدَلاً
مِن عَذلِهِ فَهُوَ مُضنى القَلبِ مُوجعُهُ
.
وليته سمع عذلها وارعوى عن فعله وكأني به عند قوله هذا البيت قد شعر بأنه جانب الصواب !
 
رُزِقتُ مُلكاً فَلَم أَحسِن سِياسَتَ
هُوَكُلُّ مَن لا يُسُوسُ المُلكَ يَخلَعُهُ !
...
👇يتبع👇",نقل مع تعليق,وجه عباسي (ابن زريق؛ استنتاج),— (ابن زريق استنتاجًا),تعليق على «رزقت ملكًا فلم أحسن سياسته»: «كأني به عند قوله هذا البيت قد شعر بأنه جانب الصواب».,لم يُبحث.,يحتاج سياقًا,يُحفظ التعليق لصاحب الحساب.,وسط سلسلة. وفي النص انكسار سطر «سياسَتَ / هُوَكُلُّ» كما هو في الأرشيف. المنشور السابق: 1653787779468337159. ورد في الملفين: C20 وA18.,C20/A18,2023-05-03 18:45:08,https://x.com/Arabic_poetry_0/status/1653787783830417411,سلسلة,1653787779468337159,شرح نص؛ تجربة قراءة,3 — منخفض,نقد وموازنة وتذوق، تحقيق النسبة والروايات,,02_Literary_Criticism_01 + 01_Attribution_and_Variants_01
1781966089892593701,2024,"""ولستُ بَهَيَّابٍ لمن لا يَهابُنِي
ولستُ أرى للمرءِ ما لا يرى ليا

كِلاَنا غَنِيٌّ عَن أخِيه حَيَاتَه
وَنَحنُ إذَا مِتنَا أشَدُّ تَغَانِيَا""

لا يمكن أن تكون هذه الأبيات من إنشاء الشافعي، والتحقيق أنها لعبد الله بن معاوية، كذا أفاد صاحب الأغاني.",رأي أصلي محتمل,مقترح: «ما نُحل على الشافعي»؛ مخطط: الباب 3 (عبد الله بن معاوية، وجه),الشافعي؛ عبد الله بن معاوية؛ أبو الفرج الأصفهاني,«ولست بهيّاب لمن لا يهابني…» لا تكون للشافعي، والتحقيق أنها لعبد الله بن معاوية «كذا أفاد صاحب الأغاني».,الأغاني ط. دار الكتب [@aghani-dk]، ترجمة عبد الله بن معاوية.,صالح للتحقيق,تحديد الجزء والصفحة في الأغاني.,ورد في الملفين: C21 وA19.,C21/A19,2024-04-21 11:39:57,https://x.com/Arabic_poetry_0/status/1781966089892593701,منشور مستقل,,تعقب نسبة,2 — مدخل لمسح عصر لاحق,تحقيق النسبة والروايات، نقد وموازنة وتذوق,,02_Literary_Criticism_01 + 01_Attribution_and_Variants_01
1791121010223112360,2024,"@muntader_abbas - وقوله:

ليس له عيب سوى أنه
 لا تقع العين على شبهه

فجعل انفراده في الدنيا بالحسن دون أن يكون له قرين يؤنسه عيبا، فهو بذلك يزيد توكيد حسنه! 

علم البديع، بديع",رأي أصلي محتمل,مخطط: 4.20 البلاغة؛ مرتبط بـ kilini/19,—,شرح صاحب الحساب: «فجعل انفراده في الدنيا بالحسن دون أن يكون له قرين يؤنسه عيبًا، فهو بذلك يزيد توكيد حسنه».,قائل البيت غير معروف (انظر C11).,صالح بعد التوثيق,يُحفظ تعبير صاحب الحساب للاستعمال في شرح الشاهد إن دخل الموقع.,سياق المحادثة غير متاح. المنشور الأصل: 1791119601993982429. ورد في الملفين: C22 وA20.,C22/A20,2024-05-16 17:58:20,https://x.com/Arabic_poetry_0/status/1791121010223112360,رد,1791119601993982429,شرح بلاغي,3 — منخفض,تحقيق النسبة والروايات، نقد وموازنة وتذوق,,02_Literary_Criticism_01 + 01_Attribution_and_Variants_01
1952966939459965429,2025,هذه الأبيات لو قُرِئت مجهولة الشاعر لكان قائلها البحتري في رأيي (ولكنها لابن الجهم) هذه القصيدة من الشعر الفائق، المتداول بقصة ظريفة (وإن كانت خيالية كما يرى خليل مردم وهو الذي جمع ديوان ابن الجهم)إلا أن النص حقيقةً يستحق الوقوف عليه وحفظه إن أمكن. القصيدة طويلة، اخترت لكم منها: https://t.co/Cq84HrN82X,رأي أصلي محتمل,وجه عباسي (علي بن الجهم)؛ مخطط: 4.6 البحتري,البحتري؛ علي بن الجهم؛ خليل مردم بك,«لو قرئت مجهولة الشاعر لكان قائلها البحتري في رأيي (ولكنها لابن الجهم)»؛ والقصة المتداولة معها خيالية كما يرى خليل مردم جامع ديوانه.,ديوان علي بن الجهم ت. خليل مردم (خارج السجل؛ مرشح).,صالح بعد التوثيق,يُحفظ الحكم الأسلوبي بنصه لصاحب الحساب. ورأي مردم يُوثق من مقدمة الديوان. ولا تُعرف القصيدة إلا من الصورة.,فيه صورة t.co.,C23,2025-08-06 08:36:17,https://x.com/Arabic_poetry_0/status/1952966939459965429,منشور مستقل,,حكم أسلوبي؛ تعقب خبر,2 — مدخل لمسح عصر لاحق,نقد وموازنة وتذوق، الكتب والمصادر والقراءة,,02_Literary_Criticism_01
1295007633754095617,2020,"أستخبرُ البدرَ عَنكمْ كلمَا طلَعَا
وأسألُ البَرقَ عَنكمْ كُلما لَمَعَا

فلَوْ مَننتُمْ على طَرفِي بِرؤيَتكمْ
 لكَانَ أحسنَ شيءٍ مِنكمُ وَقعا

لا تَحسبُوا أننِي بِالغيرِ مُنشغلٌ
 إنَّ الفُؤادَ لِحُبِّ الغَيرِ مَا وَسِعَا
.
_تنسب لـ البحتري
#نمير_البيان #مجمع_الأدب 
#بوابة_الشعراء",نقل مباشر,مخطط: 4.6 البحتري (بعد التحقق فقط),البحتري,«أستخبر البدر عنكم كلما طلعا…» «تنسب لـ البحتري».,ديوان البحتري (خارج السجل).,صالح بعد التوثيق,الفحص في ديوان البحتري عند اعتماده.,روايتان للنص في الأرشيف: هنا ثلاثة أبيات (2020-08-16)، وفي A56 أربعة أبيات يختلف ثانيها وثالثها (2020-06-25). ورد في الملفين: C24 وA24.,C24/A24,2020-08-16 17:40:54,https://x.com/Arabic_poetry_0/status/1295007633754095617,منشور مستقل,,نسبة غير محققة,3 — منخفض,تحقيق النسبة والروايات، نقد وموازنة وتذوق,C24/A24 وA56 روايتان للنص نفسه، ولم يُربط بينهما.,02_Literary_Criticism_01 + 01_Attribution_and_Variants_01
1412671201848168454,2021,"وهو أبلغ من أن يوصف، فجعل المشكاة التي فيها مصباح لتقريب الصورة لعباده، وذلك في إشارة لآية سورة النور الله نور السموات والأرض، ""مثلُ نوره كمشكاة فيها مصباح""
والتشبيه كما نلاحظ ضمني، ودفاع أبي تمام كأنه يقول: لا تثريب عليَّ في ذلك ما دام القرآن قد ضرب التشبيه الأقل لنوره.
👇👇",نقل مع تعليق,مخطط: 4.5 أبو تمام,أبو تمام,دفاع أبي تمام عن تشبيه ممدوحه بمن دونه («فالله قد ضرب الأقل لنوره…»): التشبيه ضمني، و«كأنه يقول: لا تثريب علي ما دام القرآن قد ضرب التشبيه الأقل لنوره».,الموازنة [@muwazana]؛ وفيات الأعيان [@wafayat] ترجمة أبي تمام؛ العمدة [@ibn-rashiq].,صالح للتحقيق,الخبر يُوثق؛ وعبارة الشرح تُحفظ لصاحب الحساب.,أول السلسلة (الخبر والبيت) غير محفوظ. المنشور السابق: 1412671200195538949.,C25,2021-07-07 10:13:55,https://x.com/Arabic_poetry_0/status/1412671201848168454,سلسلة,1412671200195538949,شرح نص؛ مناسبة,2 — مدخل لمسح عصر لاحق,البلاغة والصورة الفنية، نقد وموازنة وتذوق,,02_Literary_Criticism_01
1421042141480972292,2021,"تحياتي لمن تفاعل.. وإليكم المقارنة:
 ابن نويرة حدد الفتى لملمَّة فقط، وعند طرفة المعنى مفتوح لملمَّة وكرم ونجدة ولك أن تحتمل أكثر.
(فما كلهم يدعى) فخر مع استنقاص الآخرين، بينما عند طرفة فخر دون استنقاص أحد.
(ولكنه الفتى) يوحي باتكالية.
 معاني الفخر عند طرفة أكثر.
.
شكرا للجميع https://t.co/20qDZMcd74",رأي أصلي محتمل,قائم: معلقة طرفة، البيت 40 (/texts/li-khawla-atlal/40/) ومحفوظة «إذا القوم قالوا من فتى» (tarafa-man-fata),طرفة؛ ابن نويرة (متمم بن نويرة في الكامل),موازنة صاحب الحساب: ابن نويرة قصر «الفتى» على الملمّة، وطرفة فتح المعنى؛ و«فما كلهم يُدعى» فخر مع استنقاص الآخرين؛ و«ولكنه الفتى» توحي باتكالية؛ ومعاني الفخر عند طرفة أكثر.,فحص أولي: المبرد يقرن البيتين في الكامل ج1 ص97 [@kamil] («مأخوذ من قول طرفة… ومن قول متمم بن نويرة»)؛ والبيت في خزانة البغدادي ج8 ص311 [@khizana].,صالح بعد التوثيق,بعد توثيق بيت متمم من صفحته: تُعرض الموازنة على صاحب الحساب لتدخل «قراءتنا» في طبقة البيت 40، أو تبقى في الأرشيف. لا تُنسب إلى X مصدرًا.,المنشور جواب عن مسابقة أو استطلاع سابق غير محفوظ (صورة t.co). التسمية في المنشور «ابن نويرة» بلا اسم.,C26,2021-07-30 12:37:02,https://x.com/Arabic_poetry_0/status/1421042141480972292,اقتباس محتمل,,قضية نقدية؛ موازنة,1 — يمس صفحات مكتوبة,نقد وموازنة وتذوق، شرح المعاني والنصوص,,02_Literary_Criticism_01
1621209897483309056,2023,"جَعَلنا عَلاماتِ المَوَدَّةِ بَينَنا
تَشابُكَ لَحظٍ هُنَّ أَخفى مِنَ السِحرِ

فَأَعرِفُ مِنها الوُدَّ مِن لينِ طَرفِها
وَأَعرِفُ مِنها الهَجرَ بِالنَظَرِ الشَزرِ

إِذا عِبتُها شَبَهتُها البَدرَ طالِعاً
وَحَسبُكَ مِن عَيبٍ يُشَبَّهُ بِالبَدرِ
..
👇يتبع👇",نقل مباشر,لا موضع الآن,—,«إذا عبتها شبهتها البدر طالعًا، وحسبك من عيب يشبه بالبدر».,—,يحتاج سياقًا,معرفة القائل من السلسلة.,وسط سلسلة (انظر C65). المنشور السابق: 1621209892576006144.,C27,2023-02-02 21:12:14,https://x.com/Arabic_poetry_0/status/1621209897483309056,سلسلة,1621209892576006144,نص؛ شاهد محتمل (تأكيد المدح),3 — منخفض,نقد وموازنة وتذوق، البلاغة والصورة الفنية,,02_Literary_Criticism_01
1857497036095906125,2024,"بِمن يثقُ الإنسانُ فيما ينوبهُ
ومن أينَ للحُرِّ الكريمِ صِحابُ !؟

وقد صارَ هذا الناسُ إلا أقلَّهُم
ذئاباً على أجسادهنَّ ثِيابُ !

القصيدة التي تنسب إلى الباء والتاء، تُسَمى: بائية وتائية. إليكم واحدة من أجمل القصائد البائية لأبي فراس.👇 https://t.co/5VhOFl2ZAr",نقل مع تعليق,مخطط: 4.12 أبو فراس؛ بطاقة «القافية» (al-qafiya),أبو فراس,الأبيات لأبي فراس، و«القصيدة التي تنسب إلى الباء والتاء تسمى بائية وتائية».,يتيمة الدهر [@yatima] ترجمة أبي فراس؛ ديوانه (خارج السجل).,صالح للتحقيق,منخفض.,فيه صورة t.co. ورد في الملفين: C28 وA31.,C28/A31,2024-11-15 21:52:58,https://x.com/Arabic_poetry_0/status/1857497036095906125,منشور مستقل,,نص؛ معلومة اصطلاحية,3 — منخفض,تحقيق النسبة والروايات، نقد وموازنة وتذوق,نقل عادي مع اسم الشاعر صُنّف «تحقيق النسبة».,02_Literary_Criticism_01 + 01_Attribution_and_Variants_01
1291789986413461505,2020,"@AbdullaAleissa البحتري يا صديقي لا عجب!  انظر التشبيه هنا 
توَاضَعْ تَكُنْ كالنَّجْمِ لاح لِنَاظرِ ...... على صفحات الماء وَهْوَ رَفِيعُ
.
وشعره فيه نزعة بدوية فلسفية.. قيل لأبي العلاء المعري : أي الثلاثة أشعر؟ فقال : المتنبي وأبو تمام حكيمان وإنما الشاعر البحتري.",نقل مع تعليق,مخطط: 4.6 البحتري,البحتري؛ أبو العلاء المعري؛ المتنبي؛ أبو تمام,قيل للمعري: أي الثلاثة أشعر؟ فقال: «المتنبي وأبو تمام حكيمان وإنما الشاعر البحتري». ورأي صاحب الحساب: «شعره فيه نزعة بدوية فلسفية». وبيت «تواضع تكن كالنجم…» شاهد على تشبيه البحتري.,فحص أولي: وفيات الأعيان ج6 ص23 [@wafayat] بلفظ «حكيمان والشاعر البحتري». ونسبة «تواضع تكن كالنجم» إلى البحتري لم تُفحص.,صالح للتحقيق,لفظ المعري يؤخذ من الوفيات لا من المنشور. وتُفحص نسبة بيت «تواضع» قبل أي استعمال.,سياق المحادثة غير متاح. المنشور الأصل: 1291789124404490241.,C29,2020-08-07 20:35:07,https://x.com/Arabic_poetry_0/status/1291789986413461505,رد,1291789124404490241,حكم نقدي منقول؛ رأي,2 — مدخل لمسح عصر لاحق,البلاغة والصورة الفنية، نقد وموازنة وتذوق,,02_Literary_Criticism_01
1298982389599711234,2020,"يَقولُ شمس التبريزي:
يَجُوز الرِبا فِي الحُبّ، فمَن أعطَاكَ حبًّا ردّه ضِعفَين.

وَمِنهُ قَولُ الشَاعِر:-
 “وبرغم تحريمِ الربا لكنني
في حقِ من أهوى أراهُ حلالا 

يشتاقني فأردُ شوقي ضعفهُ 
ويحبني فأحبهُ أمثالا”.",نقل مباشر,لا موضع,شمس التبريزي,قول منسوب لشمس التبريزي في «الربا في الحب»، وبيتان في معناه.,—,لا نفع مباشر الآن,لا شيء.,القول المنسوب لشمس التبريزي متداول حديثًا، والبيتان بلا قائل.,C30,2020-08-27 16:55:10,https://x.com/Arabic_poetry_0/status/1298982389599711234,منشور مستقل,,قول حديث,3 — منخفض,شرح المعاني والنصوص، نقد وموازنة وتذوق,قول متداول حديثًا ينسب لشمس التبريزي صُنّف «نقد وموازنة».,02_Literary_Criticism_01
1365304609481269258,2021,"مِن أحسَنِ مَا قِيلَ فِي الرَّجَاءِ؛ هَذَا البَيت: 

""وإنِّي لَأرجُو اللهَ حَتَّى كأنَّنِي 
                  أرَى بِجَمِيلِ الظَّنِّ مَا اللهُ صَانِعُ"" 
.
الباهلي",نقل مباشر,غير محدد (الباهلي),«الباهلي»,«وإني لأرجو الله حتى كأنني…» للباهلي.,لم يُبحث.,صالح للتحقيق,منخفض؛ يُبحث عند مسح العباسي.,الاسم غير مكتمل.,C31,2021-02-26 17:15:59,https://x.com/Arabic_poetry_0/status/1365304609481269258,منشور مستقل,,نسبة,3 — منخفض,نقد وموازنة وتذوق,,02_Literary_Criticism_01
1380132964047069186,2021,"قيلَ: أن هٰذا البيت أمير شعره! وقيلَ: أنه لم يأتِ في باب التقابل أفضل من هذا البيت: 

أزورهُم وسوادُ الليلِ يشفعُ لي
وَأنثني وبياضُ الصبحِ يُغري بي
.
لماذا؟ 
 لأن فيه خمس مطابقات: الزّيارة والانثناء وهو الإنصراف، والسَّواد والبياض، واللَّيل والصُّبح، والشَّفاعة والإغراء. ولي وبي.",نقل مع تعليق,مخطط: 4.9–4.11 المتنبي؛ 4.20 البلاغة,(المتنبي: غير مسمى في المنشور),«قيل: هذا البيت أمير شعره، وقيل: لم يأت في باب التقابل أفضل منه»: «أزورهم وسواد الليل يشفع لي…»، وفيه خمس مطابقات.,فحص أولي: يتيمة الدهر ج1 ص170 [@yatima]: «وهو من قلائده ولعله أمير شعره». والقول الثاني وعدّ المطابقات يُبحث عن مصدرهما.,صالح للتحقيق,العبارة الأولى للثعالبي، بتحفظ «لعله». ولا يُكتب «أمير شعره» بلا ذلك التحفظ.,الشرح منقول في الغالب، لا رأي أصلي.,C32,2021-04-08 15:18:34,https://x.com/Arabic_poetry_0/status/1380132964047069186,منشور مستقل,,شاهد بلاغي (مقابلة),2 — مدخل لمسح عصر لاحق,نقد وموازنة وتذوق,,02_Literary_Criticism_01
1518198299446022144,2022,"@Leena22508250 ذكرت قول الإمام ابن عبد البر المالكي: ومن أحسن ماقيل نظما في الرضى و القناعة وذم السؤال قول بعض الأعراب:

علام سؤال الناس والرزق واسع
وأنت صحيح لم تخنك الأصابع
وللعيش أوكار وفي الأرض مذهب
عريض وباب الرزق في الأرض واسع
فكن طالبا للرزق من رازق الغنى
وخل سؤال الناس فالله صانع",نقل مع تعليق,لا موضع الآن,ابن عبد البر؛ «بعض الأعراب»,نقل عن ابن عبد البر: «ومن أحسن ما قيل نظمًا في الرضى والقناعة… قول بعض الأعراب: علام سؤال الناس…».,بهجة المجالس (خارج السجل).,لا نفع مباشر الآن,لا شيء الآن.,سياق المحادثة غير متاح. المنشور الأصل: 1518195671911739392.,C33,2022-04-24 15:00:56,https://x.com/Arabic_poetry_0/status/1518198299446022144,رد,1518195671911739392,نص منقول عن مصدر مسمى,3 — منخفض,نقد وموازنة وتذوق، اللغة والنحو والمعاجم,,02_Literary_Criticism_01
1522829348096466944,2022,"من كان مِنكم مُحِبًا لعلمِ البديعِ والمحسناتِ البديعية(اللفظي و المعنوي) فعليهِ بقراءة ديوان الشيخِ ابن الفارض -غفر الله له- (خاصةً اليائية) بشرح البوريني والنابلسي ففيهما شرح وتفصيل كافٍ.
سوفَ اختار لكم بعضَ الأبياتِ منها هنا ولا يكاد بيت يخلو من محسنٍ بديعي. 
..
👇يتبع👇",رأي أصلي محتمل,مخطط: 4.22 الشعر الصوفي (ابن الفارض)؛ مرشح لسجل المصادر,ابن الفارض؛ البوريني؛ النابلسي,لمحب البديع: ديوان ابن الفارض (خاصة اليائية) بشرح البوريني والنابلسي.,شرح الديوان (خارج السجل؛ مرشح).,صالح بعد التوثيق,يُعرض على السجل عند مسح 4.22.,بقية السلسلة غير محفوظة. المنشور السابق: 1522829344858542080.,C34,2022-05-07 09:43:04,https://x.com/Arabic_poetry_0/status/1522829348096466944,سلسلة,1522829344858542080,مصدر قابل للتوثيق (توصية),2 — مدخل لمسح عصر لاحق,نقد وموازنة وتذوق، الكتب والمصادر والقراءة,,02_Literary_Criticism_01
1566504685846028294,2022,"البُحتُري أحد أشهر الشعراء العرب في العصر العباسي، يُقال لشعره: سلاسل الذهب، وهو أحد الثلاثة الذين كانوا أشهر أبناء عصرهم، المتنبي وأبو تمام والبحتري، قيل لأبي العلاء المعري: أي الثلاثة أشعر؟ فقال: المتنبي وأبو تمام حكيمان وإنما الشاعر البحتري، إليكم إحدى قصائده:
..
👇يتبع👇",نقل مع تعليق,مخطط: 4.6 البحتري,البحتري؛ المعري؛ المتنبي؛ أبو تمام,يقال لشعر البحتري «سلاسل الذهب»؛ وحكم المعري كما في C29.,وفيات الأعيان ج6 ص23 [@wafayat] لحكم المعري؛ و«سلاسل الذهب» يُبحث عن مصدرها.,صالح للتحقيق,انظر C29.,تكرار لمادة C29. بعده تكملة («يتبع») لم تُحفظ في الدفعة.,C35,2022-09-04 22:13:16,https://x.com/Arabic_poetry_0/status/1566504685846028294,منشور مستقل,,ترجمة شاعر؛ حكم نقدي,3 — منخفض,نقد وموازنة وتذوق، التاريخ والتراجم والأخبار,,02_Literary_Criticism_01
1602727952122368001,2022,"يقالُ أنه لم يكن بمصر في زمن المهذب أشعر منه وقد واشتغل في علوم القرآن فصنف تفسيراً في خمسين جزءاً وله ديوان شعر فيه مِن الجمال ما فيه، منه قولهُ:

يا رَبعُ أين تَرى الأحبَّةَ يمَّمُوا
هل أنجدوا من بعدنا أم أَتهمُوا؟!
..
أنجدوا أم اتهموا: أي هل حلو بنجد أم تهامة
👇يتبع👇 https://t.co/IgObzB5eGd",نقل مع تعليق,الباب 6 (المهذب بن الزبير، وجه؛ استنتاج),«المهذب» (ابن الزبير؛ استنتاج),لم يكن بمصر في زمن المهذب أشعر منه، وصنف تفسيرًا في خمسين جزءًا. وشرح «أنجدوا أم أتهموا»: حلّوا بنجد أم تهامة.,وفيات الأعيان [@wafayat] أو معجم الأدباء.,صالح للتحقيق,منخفض.,فيه صورة t.co. بعده تكملة («يتبع») لم تُحفظ في الدفعة.,C36,2022-12-13 21:11:35,https://x.com/Arabic_poetry_0/status/1602727952122368001,منشور مستقل,,ترجمة شاعر؛ شرح لغوي,3 — منخفض,نقد وموازنة وتذوق، الكتب والمصادر والقراءة,,02_Literary_Criticism_01
1603022844144881664,2022,"أبو ذؤيب الهذلي، أدرك الجاهلية وأسلم فحسن إسلامه ومات في غَزَاة إفريقية. كان شاعرًا فحلًا لا غميزة فيه ولا وهن؛ قال حسَّان -رضي الله عنه- أشعرُ الناس حيًّا هُذيل، وأشعرهم غير مدافع أبو ذؤيب، وكان له أولادٌ سبعة فماتوا كلهم في عامٍ واحدة إلا واحدًا، فقال يرثِيهم:
..
👇يتبع👇 https://t.co/huD4C98POG",نقل مع تعليق,مخطط: 2.8 المخضرمون (أبو ذؤيب وعينيته),أبو ذؤيب الهذلي؛ حسان بن ثابت؛ (ابن سلام),أبو ذؤيب أدرك الجاهلية وأسلم ومات في غزاة إفريقية، «شاعر فحل لا غميزة فيه ولا وهن»، وقال حسان: «أشعر الناس حيًّا هذيل، وأشعرهم غير مدافع أبو ذؤيب»، ومات له سبعة أبناء في عام واحد إلا واحدًا.,فحص أولي: العمدة ج1 ص88 [@ibn-rashiq]: حسان قال «أشعر الناس حيًّا هذيل» وحدها، ثم «قال ابن سلام الجمحي: وأشعر هذيل أبو ذؤيب غير مدافع». و«لا غميزة فيه ولا وهن» من طبقات ابن سلام [@ibn-sallam] (يُتحقق). والوفاة في خزانة البغدادي [@khizana] (فيها روايتان: طريق مصر، وطريق إفريقية).,صالح للتحقيق,عند كتابة 2.8: يُفصل كلام حسان عن كلام ابن سلام، فالمنشور دمجهما. ويُوثق خبر الأبناء من الأغاني.,فيه صورة t.co. بعده تكملة («يتبع») لم تُحفظ في الدفعة.,C37,2022-12-14 16:43:23,https://x.com/Arabic_poetry_0/status/1603022844144881664,منشور مستقل,,ترجمة شاعر؛ حكم نقدي,2 — مدخل لمسح عصر لاحق,نقد وموازنة وتذوق، التاريخ والتراجم والأخبار,,02_Literary_Criticism_01
1678370058798608384,2023,"أدب الفقهاء:
كان عبد الله بن عبيد الله ابن أبي مليكة من فقهاء التابعين، وقضاة المسلمين، وقد روى عن ابن عباس ومع أنه كان ورعاً فقد قرض الشعر الغزلي ومنه قوله:
من عاش في الدنيا بغيرِ حبيبِ
فحياته فيها حياةُ غريبِ

ما تنظرُ العينانِ أحسن منظراً
من طالبٍ إلفاً ومن مطلوبِ
..
👇يتبع👇",نقل مع تعليق,الباب 3 (غزل الفقهاء),عبد الله بن عبيد الله بن أبي مليكة؛ ابن عباس,ابن أبي مليكة من فقهاء التابعين وقضاتهم، وقرض الغزل، ومنه «من عاش في الدنيا بغير حبيب…».,—,صالح بعد التوثيق,يُطلب مصدر للأبيات.,بقية السلسلة غير محفوظة. ورد في الملفين: C38 وA33.,C38/A33,2023-07-10 14:46:19,https://x.com/Arabic_poetry_0/status/1678370058798608384,منشور مستقل,,ترجمة؛ خبر (أدب الفقهاء),3 — منخفض,تحقيق النسبة والروايات، نقد وموازنة وتذوق,,02_Literary_Criticism_01 + 01_Attribution_and_Variants_01
1680584124854161409,2023,"وبعد فما أجمل أن يتسع نطاق الحب، فلا يقتصر على المحبوب، بل يتعداه إلى كل ماله علاقة به..
.
أُحِبُّ مِن حُبِّكُم مَن كَانَ يُشْبِهُكُمْ
حَتَّى لَقَد كِدتُ أَهوَى الشَّمسَ والقَمَرَا

أَمُرُّ بِالحَجَرِ القَاسِي فَأَلْثُمُهُ
لأَنّ قَلبَك قَاسٍ يُشبِهُ الحَجَرَا",نقل مع تعليق,لا موضع,—,اتساع الحب إلى كل ما يتصل بالمحبوب، وبيتا «أحب من حبكم من كان يشبهكم…».,—,لا نفع مباشر الآن,لا شيء.,وسط سلسلة؛ لا قائل. المنشور السابق: 1680584120148144129.,C39,2023-07-16 17:24:13,https://x.com/Arabic_poetry_0/status/1680584124854161409,سلسلة,1680584120148144129,تجربة قراءة,3 — منخفض,البلاغة والصورة الفنية، نقد وموازنة وتذوق,,02_Literary_Criticism_01
1725187192815784064,2023,"وهناك من أرجع الظاهرة إلى أنّ كل من هام بنجد شعرا هو من أبنائها، وبالتالي فمن الطبيعي أن يتغنى الشخص بموطنه ويقول فيه أجمل الأوصاف، على نحو ما فعله الشاعر مروان الأصغر ابن أبي الجنوب الذي كرر كلمة «نجد» ست مرات في بيتين فقط من الابيات التالية:
..
👇يتبع👇",نقل مع تعليق,غير محدد (موضوع محتمل عن الحنين إلى نجد),مروان الأصغر بن أبي الجنوب,«هناك من أرجع الظاهرة إلى أن كل من هام بنجد شعرًا هو من أبنائها»، ومروان الأصغر كرر «نجد» ست مرات في بيتين.,«هناك من» بلا تسمية.,يحتاج سياقًا,السلسلة كاملة مطلوبة.,منشور متصل بـ A28 (السلسلة نفسها). تكملة لـ A28 (1725187189305114970) في الدفعة نفسها.,C40,2023-11-16 19:20:53,https://x.com/Arabic_poetry_0/status/1725187192815784064,سلسلة,1725187189305114970,قضية نقدية (نجد في الشعر),3 — منخفض,نقد وموازنة وتذوق، اللغة والنحو والمعاجم,,02_Literary_Criticism_01
1735320956879405291,2023,@ArAzuoz اشتهار القول بأن الكسرة أقوى الحركات يرجع إلى قاعدة الإملاء “أقوى الحركتين” المشهورة عند المتأخرين، فلما غلبت الكسرة على الضمة في الإملاء، قالوا: الكسرة أقوى الحركات. أما من الناحية الصوتية فلا شك أبدا بأن الضمة هي أقواهم ثم الكسرة ثم الفتحة ثم السكون(سلب الحركة). والله أعلم.,رأي أصلي محتمل,لا موضع في الخطة,—,شهرة «الكسرة أقوى الحركات» ترجع إلى قاعدة الإملاء «أقوى الحركتين» عند المتأخرين، وصوتيًّا الضمة أقوى ثم الكسرة ثم الفتحة ثم السكون.,سيبويه [@sibawayh] أو ابن جني,صالح بعد التوثيق,يُطلب سند صوتي (سيبويه [@sibawayh] أو ابن جني) إن احتيج إليه.,سياق المحادثة غير متاح. المنشور الأصل: 1735317565281382533.,C41,2023-12-14 18:28:51,https://x.com/Arabic_poetry_0/status/1735320956879405291,رد,1735317565281382533,معلومة لغوية (صوتيات),3 — منخفض,نقد وموازنة وتذوق، اللغة والنحو والمعاجم,معلومة صوتية لغوية صُنّفت «نقد وموازنة».,02_Literary_Criticism_01
1771120838994980940,2024,"في العادة من يريدون دراسة الشعر يدرسونه باختيار أحد هذين المنهجين:
١- دِراسة الشعر بالشعر الجاهلي .. انتهاءً بالعصر الحديث الذي يمثل نهاية الدولة العثمانية والمعاصر.

٢- دِراسة الشعر وِفق الموضوع أو الشاعر.

ما رأيكم أي المنهجين أفضل؟
بالنسبة لي(الثاني يضمن دراسة متخصصة أكثر)",رأي أصلي محتمل,داخلي: يوافق بنية المشروع (عصور + مسارات شعراء + موضوعات),—,منهجان: الدراسة بالعصور، أو بالموضوع والشاعر. «بالنسبة لي الثاني يضمن دراسة متخصصة أكثر».,—,لا نفع مباشر الآن,يُحفظ في فهرس المنهج.,سؤال للمتابعين؛ الأجوبة غير محفوظة.,C42,2024-03-22 13:24:48,https://x.com/Arabic_poetry_0/status/1771120838994980940,منشور مستقل,,منهج دراسة الشعر,3 — منخفض,نقد وموازنة وتذوق، التاريخ والتراجم والأخبار,,02_Literary_Criticism_01
1791117487729254806,2024,"أبو هفّان الشاعر، يقول:
ولا عيب فينا غير أن سماحنا
 أضرّ بنا، والبأس من كل جانب

فأفنى الردى أرواحنا غير ظالم
وأفنى الندى أموالنا غير عائب

فقوله إن السماح والبأس أضرّا بهم ليس بعيب، ولكنه توكيد مدح. وقوله «غير ظالم وغير عائب» زاد المعنى ملاحة ولطف.",نقل مع تعليق,مخطط: 4.20 البلاغة؛ وجه عباسي (أبو هفّان),أبو هفّان,البيتان «ولا عيب فينا غير أن سماحنا…» لأبي هفان، والشرح: السماح والبأس ليسا عيبًا بل توكيد مدح، و«غير ظالم وغير عائب» زاد المعنى ملاحة.,لم يُبحث بعد في الكتب المعتمدة (العمدة، الأغاني).,صالح للتحقيق,مرشح لمسح العصر العباسي (البديع).,لا يُعرف أكان الشرح من صاحب الحساب أم منقولًا.,C43,2024-05-16 17:44:21,https://x.com/Arabic_poetry_0/status/1791117487729254806,منشور مستقل,,شاهد بلاغي (تأكيد المدح),2 — مدخل لمسح عصر لاحق,نقد وموازنة وتذوق، شرح المعاني والنصوص,,02_Literary_Criticism_01
1807424259704094807,2024,"من أجمل ما قال المتنبي وجميله كثير! هذه القصيدة:

الحُبُّ ما منعَ الكلاَم الألسُنا
 وألَذُّ شكوى عاشقٍ ما أعلنا

سأقف وإياكم مع مطلعها، يقول: غاية الحب ما منع لسان صاحبه من الكلام فلم يقدر على وصف ما في قلبه، وهذا يشبه قول المجنون:

👇👇",نقل مع تعليق,مخطط: 4.9–4.11 المتنبي,المتنبي؛ المجنون,شرح مطلع «الحب ما منع الكلام الألسنا»: غاية الحب ما منع صاحبه من الكلام، «وهذا يشبه قول المجنون».,—,يحتاج سياقًا,بيت المجنون في بقية السلسلة.,بقية السلسلة غير محفوظة.,C44,2024-06-30 17:41:38,https://x.com/Arabic_poetry_0/status/1807424259704094807,منشور مستقل,,شرح نص؛ أخذ,3 — منخفض,البلاغة والصورة الفنية، نقد وموازنة وتذوق,,02_Literary_Criticism_01
1817587084640813440,2024,"يا سَاكِناً قَلبِيَ المُعَنَّى
وليسَ فيه سِواكَ ثانِي

لأيِّ معنىً كسرتَ قلبي
وما التقى فيهِ ساكِنانِ ؟!
..
الشاب الظريف.

هناك تورية في الأبيات قريبة وبعيدة:
المُراد بقوله (كسرت): بمعنى آلامَت وأوجعت.
 و (ساكنان): بمعنى قاطنان، أي ليس في قلبي أحد سواك، فلماذا آلمتني!",نقل مع تعليق,الباب 6 (الشاب الظريف، وجه)؛ 4.20 البلاغة,الشاب الظريف,في البيتين تورية: «كسرت» بمعنى آلمت، و«ساكنان» بمعنى قاطنان.,ديوان الشاب الظريف (خارج السجل).,صالح بعد التوثيق,الشرح ناقص: لم يذكر الوجه النحوي الذي تقوم عليه التورية، وهو التخلص من التقاء الساكنين بالكسر. فلم يلتق في القلب ساكنان، فلماذا كسره؟ يكمل قبل الاستعمال.,,C45,2024-07-28 18:45:04,https://x.com/Arabic_poetry_0/status/1817587084640813440,منشور مستقل,,شاهد بلاغي (تورية),3 — منخفض,شرح المعاني والنصوص، نقد وموازنة وتذوق,,02_Literary_Criticism_01
1861314129899737321,2024,"الاعتراف بالجهل، يعد الخطوة الأولى في طريق المعرفة، ومفتاح أبواب العلوم.
 (لا أدري) كانت ولا زالت شعار الفضلاء العلماء ولم تنقص من قدرهم شيئا:
لا عِلمَ عندي ليس عيبٌ قولها
العيبُ أن يُفتى بغير صوابِ

لا عيب في أن يستفهم المرء إن لم يفهم، أو أن يقول: لا أدري، إن لم يدرِ!

👇يتبع👇",رأي أصلي محتمل,لا موضع,—,«لا أدري» شعار العلماء، وبيت «لا علم عندي ليس عيب قولها…».,—,لا نفع مباشر الآن,لا شيء.,البيت بلا قائل؛ بقية السلسلة غير محفوظة. المنشور السابق: 1861314126066094454.,C46,2024-11-26 10:40:44,https://x.com/Arabic_poetry_0/status/1861314129899737321,سلسلة,1861314126066094454,تأمل,3 — منخفض,نقد وموازنة وتذوق,,02_Literary_Criticism_01
1954140519799337076,2025,"@NordinMahmoud صلى الله عليه وسلم، الخلاف في هذه الأبيات ليس اختلاف تناقض.. ويرد في كتب التراث تحت قولهم (أصدق بيت قالت العرب) هو قول الشاعر:
وما حملت ناقة فوق رحلها
 أبَرَّ وأوفى ذمة من محمد
وقيل: قول أبي ذؤيب، وقيل قول الحطيئة:من يفعل الخير، وقيل قول طرفه :ستبدي لك الأيام..وهكذا
بوركتم💐",نقل مع تعليق,قائم: قصة «أصدق كلمة» (stories/ashar-kalima) ومعلقة طرفة 100–102 («ستبدي لك الأيام»)؛ مخطط: 2.7 الحطيئة و2.8 أبو ذؤيب,أبو أناس أو أنس بن زنيم (غير مسمى في المنشور)؛ أبو ذؤيب؛ الحطيئة؛ طرفة؛ (لبيد ودعبل في المصادر),يرد في كتب التراث «أصدق بيت قالت العرب»: «وما حملت ناقة فوق رحلها أبرّ وأوفى ذمة من محمد»، وقيل لأبي ذؤيب، وقيل للحطيئة «من يفعل الخير»، وقيل لطرفة «ستبدي لك الأيام».,فحص أولي: الشعر والشعراء ج2 ص726 [@ibn-qutayba]: البيت لأبي أناس، والد أنس بن زنيم، برواية «أعفّ». وخزانة البغدادي ج6 ص474 [@khizana]: برواية «أبرّ» في سياق أنس بن زنيم، وفيها: «قال دعبل… هذا أصدق بيت قالته العرب». والعقد ج6 ص122 [@iqd]: «أصدق بيت قالته العرب قول لبيد» و«أبدع بيت… أبي ذؤيب».,صالح للتحقيق,إن احتجنا إلى الموضوع: فقرة واحدة عن ألقاب التفضيل عند القدماء («أصدق بيت»، و«أشعر الناس») في صفحة نقد لاحقة (4.19)، لا في كل مسار. والنسبة «مختلف فيها» بين أبي أناس وأنس.,سياق المحادثة غير متاح. وصياغة المنشور «وما حملت ناقة» تختلف عن المصدرين. المنشور الأصل: 1954129740610039974.,C47,2025-08-09 14:19:40,https://x.com/Arabic_poetry_0/status/1954140519799337076,رد,1954129740610039974,قضية نقدية (أحكام «أصدق بيت»),1 — يمس صفحات مكتوبة,نقد وموازنة وتذوق,,02_Literary_Criticism_01
1276524496288051207,2020,"@aaaz50 تالله يا استاذي لو وجدت شيئاً أكثر هدوءاً من الصمت لفعلت!  
فاللسان لا يملك عظما ولكنه قادر على كسر اجمل ما فينا! "" 
بوركت وكلماتك النيرة.. تحاياي",مجاملة أو جواب إداري,لا موضع,—,رد مجاملة عن الصمت واللسان.,—,لا نفع مباشر الآن,لا شيء.,سياق المحادثة غير متاح. المنشور الأصل: 1276250073387720713.,C48,2020-06-26 17:35:31,https://x.com/Arabic_poetry_0/status/1276524496288051207,رد,1276250073387720713,مجاملة,3 — منخفض,نقد وموازنة وتذوق، العروض والقافية,مجاملة صُنّفت «نقد وموازنة».,02_Literary_Criticism_01
1283491938885197825,2020,"@messrajou ما احسن قول الشافعي فيما يشابه السياق!  : 
.
إِذَا مَا ظَالِمٌ اسْتَحْسَنَ الظُّلْمَ مَذْهباً
 وَلَجَّ عُتُوّاً فِي قبيحِ اكْتِسابِهِ
 
فَكِلْهُ إلى صَرْفِ اللّيَالِي فَإنَّها 
ستبدي له ما لم يكن في حسابهِ",نقل مباشر,مقترح: «ما نُحل على الشافعي»,الشافعي,«إذا ما ظالم استحسن الظلم مذهبًا…» للشافعي.,لا مصدر؛ ديوان الشافعي جمع متأخر.,صالح بعد التوثيق,تدخل قائمة المنسوبات إلى الشافعي للفحص.,سياق المحادثة غير متاح. نسبة بلا تحفظ (2020)، بخلاف تحفظه في منشورات 2024 (A30)؛ وهذا شاهد على تطور منهج الحساب. المنشور الأصل: 1283490782603874306.,C49,2020-07-15 23:01:39,https://x.com/Arabic_poetry_0/status/1283491938885197825,رد,1283490782603874306,نسبة غير محققة,2 — مدخل لمسح عصر لاحق,نقد وموازنة وتذوق، اللغة والنحو والمعاجم,,02_Literary_Criticism_01
1299350533619085312,2020,"@Leena22508250 ""قالوا جننت بمن تهوى فقلت لهم
العشق أعظم مما بالمجانين
العشق لا يستفيق الدهر صاحبه
وإنما يصرع المجنون في الحين""
.
وفي رواية
قالوا جننت بمن تهوى فقلت لهم
ما لذة العيش إلا للمجنانين. 
😁",نقل مباشر,لا موضع,—,«قالوا جننت بمن تهوى…» و«في رواية: ما لذة العيش إلا للمجانين».,—,لا نفع مباشر الآن,لا شيء.,سياق المحادثة غير متاح. و«الرواية» الثانية فيها دعابة (😁). المنشور الأصل: 1299343121491398657. ورد في الملفين: C50 وA40.,C50/A40,2020-08-28 17:18:02,https://x.com/Arabic_poetry_0/status/1299350533619085312,رد,1299343121491398657,نص؛ رواية مختلفة,3 — منخفض,تحقيق النسبة والروايات، نقد وموازنة وتذوق,,02_Literary_Criticism_01 + 01_Attribution_and_Variants_01
1304533714836176896,2020,@Metwaly_1 أحسن الله إليكم ملحوظة هامة.. بالحركات يظهر اللبس حيث يجب أن تكون ساكنة أليس كذلك يا دكتور.. حتى أظنه أستخدمها إشارة للأغنية المعروفة وإلا كان أستخدم ما هو أصح منها!  مجرد تساؤل.. ❤,مجاملة أو جواب إداري,لا موضع,—,ملاحظة على حركات في كلام محاوِر، وظن أنها إشارة إلى أغنية.,—,يحتاج سياقًا,لا شيء.,سياق المحادثة غير متاح. المنشور الأصل: 1304532254581051392. ورد في الملفين: C51 وA41.,C51/A41,2020-09-12 00:34:09,https://x.com/Arabic_poetry_0/status/1304533714836176896,رد,1304532254581051392,ملاحظة على ضبط,3 — منخفض,تحقيق النسبة والروايات، نقد وموازنة وتذوق,ملاحظة ضبط على كلام محاوِر صُنّفت «نقد» و«تحقيق نسبة».,02_Literary_Criticism_01 + 01_Attribution_and_Variants_01
1329234683540828160,2020,@U3MXmFXQ1v79LSb 💙👌 لا مقارنة ما أتيت به أنت أبلغ وأجمل وأكثر تفردًا.. 👌,مجاملة أو جواب إداري,لا موضع,—,«ما أتيت به أنت أبلغ وأجمل».,—,لا نفع مباشر الآن,لا شيء.,سياق المحادثة غير متاح. المنشور الأصل: 1329172184376496129.,C52,2020-11-19 04:26:59,https://x.com/Arabic_poetry_0/status/1329234683540828160,رد,1329172184376496129,مجاملة,3 — منخفض,نقد وموازنة وتذوق,مجاملة صُنّفت «نقد وموازنة».,02_Literary_Criticism_01
1335653866335948801,2020,"مِن أجملِ مَا قَالتِ العربُ في مَدح الكَرمْ قَولُ حَكِيمُ الجَاهِليةِ زهير بِن أبي سلمىٰ 

تَرَاهُ إذَا مَا جِئْتَهُ متَهَلِّلًا
                   كَأَنَّكَ تُعطِيهِ الَّذي أَنتَ سَائِلُهْ! 
 .
الله! مَا أجمَلَ الكَرمْ..!",نقل مع تعليق,قائم: زهير «صحا القلب عن سلمى» البيت 35 (/texts/saha-al-qalb-batiluh/35/),زهير بن أبي سلمى,البيت لزهير «حكيم الجاهلية».,مغطى في الموقع من ديوان زهير.,لا نفع مباشر الآن,لا شيء؛ مغطى.,تعليق ذوقي قصير: «الله! ما أجمل الكرم..!».,C53,2020-12-06 21:34:31,https://x.com/Arabic_poetry_0/status/1335653866335948801,منشور مستقل,,نص مشهور,1 — يمس صفحات مكتوبة,نقد وموازنة وتذوق، التاريخ والتراجم والأخبار,,02_Literary_Criticism_01
1352241808605110275,2021,"قالَ عروة بن الورد العبسي:

وإنْ جارَتي ألوَتْ رياحٌ ببيتِها
تغافَلْتُ حَتَّى يَستُرَ البيتَ جانبُهْ

وقالَ عنترة بن شداد العبسي في نفس المعنىٰ:

وأَغُضُّ طرفي ما بدَتْ لي جارَتي
حَتَّىٰ يُواري جارتي مأْواها
.
ما رأيك/كِ أيّهم أعمّ وأشمل؟",سؤال نقدي,قائم: عنترة «وكتيبة لبستها بكتيبة» البيت 19 (/texts/wa-katiba-labbastuha/19/) ومحفوظة antara-aghuddu-tarfi؛ مخطط: الباب 1.14 الصعاليك (عروة),عروة بن الورد؛ عنترة,بيت عروة «وإن جارتي ألوت رياح ببيتها، تغافلت حتى يستر البيت جانبه» في معنى بيت عنترة «وأغض طرفي ما بدت لي جارتي». والسؤال: أيهما أعم وأشمل؟,ديوان عروة (شرح ابن السكيت، خارج السجل)؛ الأغاني [@aghani-dk] ترجمة عروة؛ والقصيدة العنترية درجتها «راجح» في الموقع (من الخمس التي زادها الأعلم).,صالح للتحقيق,توثيق بيت عروة من مصدر معتمد ثم ملاحظة موازنة قصيرة في طبقة البيت 19 تذكر أن قصيدة عنترة راجحة لا ثابتة. ولا يُكتب جواب السؤال قبل معرفة جواب صاحب الحساب.,جواب صاحب الحساب عن سؤاله غير محفوظ.,C54,2021-01-21 16:09:05,https://x.com/Arabic_poetry_0/status/1352241808605110275,منشور مستقل,,موازنة,1 — يمس صفحات مكتوبة,نقد وموازنة وتذوق، شرح المعاني والنصوص,,02_Literary_Criticism_01
1406626792509562885,2021,"سلمى بنت القراطيسي شاعرةٌ بغدادية - من العصر العباسي - كانت آيةً في الجمالِ لها نرجسيّة عالية ، ولا يوجدُ أجمل ولا أبهى من نرجسية (غرور) الحسناء.!
يقال :وقفت ذاتَ يومٍ أمامَ المرآه فأُعجبت بحُسنها وجمالها ، فارتجلت هذه الأبيات :
..
👇👇👇 https://t.co/kCHEkhmAhx",نقل مباشر,وجه عباسي (الشاعرات),سلمى بنت القراطيسي,سلمى بنت القراطيسي شاعرة بغدادية عباسية، وقفت أمام المرآة فارتجلت أبياتًا.,—,صالح بعد التوثيق,يُطلب مصدر الخبر.,الحكم الذوقي في «نرجسية الحسناء» لصاحب الحساب. وفيه صورة t.co.,C55,2021-06-20 17:55:35,https://x.com/Arabic_poetry_0/status/1406626792509562885,منشور مستقل,,ترجمة؛ خبر,3 — منخفض,نقد وموازنة وتذوق، التاريخ والتراجم والأخبار,,02_Literary_Criticism_01
1424421825589616644,2021,"فقالت
*الجفَنات دون العشر ولو قُلت الجِفان لكان أكثر.
 
*وقلت الغُر،والغرة بياض في الجبهة ولو قلت البيض لكانَ البياض أكثر اتّساعاً.
 
*وقُلت يلمعنَ، واللمعان انعكاس شيء من شيء ولو قلت يُشرقن لكان أفضل.
 
*وقُلتَ بالضُحى ولو قُلْتُ بالدُّجى لكان المعنى أوضح وأفصَح. 
..
👇👇",نقل مع تعليق,قائم: قصة «حكومة عكاظ» (stories/hukumat-ukaz) — رواية ثالثة,حسان بن ثابت؛ (الخنساء: من «فقالت» واستنتاج)؛ أبو أحمد العسكري,نقد «لنا الجفنات الغر» في ست نقاط: الجفنات جمع قلة، والغر، ويلمعن، وبالضحى، وأسياف، ويقطرن.,المصون في الأدب لأبي أحمد العسكري (خارج السجل؛ مرشح)؛ والموقع يورد الآن رواية المرزباني بنقطتين.,صالح بعد التوثيق,يُعرض «المصون» على السجل. فإن اعتُمد: تُضاف الرواية إلى القصة القائمة مع بيان اختلاف الروايات، بلا بطاقة جديدة.,المنشور الأول من السلسلة (1424421823526019075) غير محفوظ، وفيه تعيين الناقدة. وفي نقطة «بالدجى» تُراجع الصياغة على المصدر. المنشور السابق: 1424421823526019075.,C56,2021-08-08 20:26:42,https://x.com/Arabic_poetry_0/status/1424421825589616644,سلسلة,1424421823526019075,قضية نقدية؛ مصدر قابل للتوثيق,1 — يمس صفحات مكتوبة,نقد وموازنة وتذوق، شرح المعاني والنصوص,,02_Literary_Criticism_01
1424421827812552705,2021,"*وقُلتَ أسيافاً وهي دُونَ العشرة ولو قلت سيوفاً لكانَ أكثر.

*وقُلتَ يقطُرن ولو قلت يَسِلنَ لكانَ المعنى أفضل، 
فَلَم يَجِد حسان كلمة يٓرُدُ بِها.
..

المصدر: المصون في الأدب -أبو أحمد العسكري",نقل مع تعليق,كما في C56,حسان بن ثابت؛ أبو أحمد العسكري,تكملة النقاط: أسياف ويقطرن؛ «فلم يجد حسان كلمة يرد بها»؛ المصدر: «المصون في الأدب».,المصون (خارج السجل).,صالح بعد التوثيق,انظر C56.,تكملة لـ C56 (1424421825589616644) في الدفعة نفسها.,C57,2021-08-08 20:26:42,https://x.com/Arabic_poetry_0/status/1424421827812552705,سلسلة,1424421825589616644,تكملة C56 (ذكر المصدر),1 — يمس صفحات مكتوبة,نقد وموازنة وتذوق، شرح المعاني والنصوص,تكملة C56 صُنّفت منفردة؛ ولا يظهر في الفهرس أن الناقدة في المنشور الأول المفقود.,02_Literary_Criticism_01
1432997714116022273,2021,"صِل من هَويتَ ودَع مقالة حاسدِ
ليسَ الحسودُ على الهوى بمُساعِدِ

لم يَخلُقِ الرحمنُ أحسنَ منظراً
مِن عاشِقَينِ على فراشٍ واحدِ

مُتعانِقَينِ عليهما أُزُرُ الهَوى
مُتَوسِّدَين بمِعصَمٍ وبِساعِدِ

وإذا صَفا لكَ من زمانِكَ واحِدٌ
فهو المُراد وعِش بذاكَ الواحدِ
.
لـ الأمين العباسي",نقل مباشر,مخطط: قسم المجون العباسي (مرشح)؛ وجه (الأمين),الأمين العباسي,«صل من هويت ودع مقالة حاسد…» للأمين.,لم يُبحث في المعتمد.,صالح بعد التوثيق,مرشح لمسح المجون العباسي بعد التحقيق.,البيت الأخير مشترك مع C74 (منشور الجاحظ).,C58,2021-09-01 12:24:13,https://x.com/Arabic_poetry_0/status/1432997714116022273,منشور مستقل,,نسبة؛ غزل,2 — مدخل لمسح عصر لاحق,نقد وموازنة وتذوق، شرح المعاني والنصوص,,02_Literary_Criticism_01
1436572046763327490,2021,"كانت فضل الشاعرة من أحسن الناس وجهًا وخَلقا وخُلقا وأرقهم شعرا؛ فعشقها أحدهم وكتب لها:
ألا ليتَ شعري عَنك هل تذكرينني
فذكركِ في الدنيا إليّ حبيبُ
و هل لي نصيب في فؤادكِ ثابتٌ
كما لكِ عندي في الفؤادِ نصيبُ؟
 
فكتبت إليه:
نعم وإلهي إنني بك صبّٓةٌ
فهل أنت يا من لا عدمتُ مثيبُ!",نقل مباشر,وجه عباسي (فضل الشاعرة),فضل الشاعرة,عشقها رجل فكتب إليها «ألا ليت شعري عنك هل تذكرينني…»، فكتبت إليه «نعم وإلهي إنني بك صبة…».,الأغاني [@aghani-dk] ترجمة فضل.,صالح للتحقيق,منخفض.,«أحدهم» غير مسمى في المنشور.,C59,2021-09-11 09:07:20,https://x.com/Arabic_poetry_0/status/1436572046763327490,منشور مستقل,,خبر,3 — منخفض,نقد وموازنة وتذوق,,02_Literary_Criticism_01
1448003608058859521,2021,"وبعدها قال الشريف الرضي لمن حولهُ : أ تدرون لماذا ذكرَ هذا الكلب هٰذهِ القصيدة ، مع أنهُ يوجدُ للمتنبي قصائدَ أحسن منها ؟ قالوا : لماذا ؟ قال : لوجود هذا البيت فيها:
وَإِذا أَتَتكَ مَذَمَّتي مِن ناقِصٍ
فَهِيَ الشَهادَةُ لي بِأَنِّيَ كامِلُ
.",نقل مع تعليق,مخطط: 4.13 الشريف الرضي / 4.14 المعري / 4.9 المتنبي,الشريف الرضي (في المنشور)؛ المتنبي,قال الشريف لمن حوله: أتدرون لماذا ذكر «هذا الكلب» هذه القصيدة…؟ «لوجود هذا البيت: وإذا أتتك مذمتي من ناقص…».,معجم الأدباء (خارج السجل).,صالح بعد التوثيق,يُتحقق من اسم الشريف: المعروف عندي أن الخبر مع الشريف المرتضى لا الرضي، والتحقق لازم.,أول السلسلة غير محفوظ. المنشور السابق: 1448003605479317507.,C60,2021-10-12 22:12:17,https://x.com/Arabic_poetry_0/status/1448003608058859521,سلسلة,1448003605479317507,خبر نقدي,2 — مدخل لمسح عصر لاحق,نقد وموازنة وتذوق,,02_Literary_Criticism_01
1494669759605927936,2022,"يقولُ الأمير الحمداني:
لَقَد ضَلَّ مَن تَحوي هَواهُ خَريدَةٌ
                وَقَد ذَلَّ مَن تَقضي عَلَيهِ كَعابُ
..
ويقولُ الشريف المرتضى:
ذلّ الّذي في يد الحسناءِ مهجتُه
                 ومن له في ذواتِ الخِدرِ أوطارُ
..
أيُّ البيتينِ أجملُ برأيكَ/كِ..؟",سؤال نقدي,مخطط: 4.12 أبو فراس؛ 4.13؛ بطاقة «الأخذ»,أبو فراس («الأمير الحمداني»)؛ الشريف المرتضى,بيت أبي فراس «لقد ضل من تحوي هواه خريدة…» وبيت المرتضى «ذل الذي في يد الحسناء مهجته…»: أيهما أجمل؟,الديوانان (خارج السجل).,يحتاج سياقًا,جواب صاحب الحساب غير محفوظ.,,C61,2022-02-18 16:46:54,https://x.com/Arabic_poetry_0/status/1494669759605927936,منشور مستقل,,موازنة (أخذ),3 — منخفض,نقد وموازنة وتذوق,,02_Literary_Criticism_01
1529089632553512960,2022,"تغريدات مختصرة عن علي بن الجهم الساميّ، 
كان يُكنى بـ أبي الحسن ، من خُرَسان ، عذبُ الألفاظ مقتدرٌ على الشعر، هو صاحب الأبيات المشهورة: 
عُيونُ المَها بَينَ الرُصافَةِ وَالجِسرِ
جَلَبنَ الهَوى مِن حَيثُ أَدري وَلا أَدري

لنبذة مِن أجملِ أشعارهِ تابع سلسلة التغريدات كرمًا:
👇👇👇 https://t.co/tpm96KW1ku",نقل مباشر,وجه عباسي (علي بن الجهم),علي بن الجهم,علي بن الجهم السامي، أبو الحسن، «من خراسان»، عذب الألفاظ، صاحب «عيون المها بين الرصافة والجسر».,الأعلام [@zirikli]؛ وفيات الأعيان [@wafayat] إن ترجم له.,صالح للتحقيق,يُتحقق من «من خراسان» (أصل أسرته أو مولده).,بقية السلسلة غير محفوظة. فيه رابط أو وسائط (t.co) لم تُحفظ مادتها في الدفعة.,C62,2022-05-24 16:19:12,https://x.com/Arabic_poetry_0/status/1529089632553512960,منشور مستقل,,ترجمة شاعر,3 — منخفض,نقد وموازنة وتذوق,,02_Literary_Criticism_01
1545400727224336385,2022,"من أجمل ما نظمَ عمر بن أبي ربيعة -شاعر الغزل- و يحكى أنه رأى سلمى في الطواف فأنشد: 

قِف بالطوافِ ترى الغزالَ المُحرِمَا
حج الحجيجُ فعادَ يَقصدُ زمزما

عند الطوافِ رأيتها متلثمة
للركنِ والحجرِ المُعظمِ تَلثُما

👇يتبع👇 https://t.co/2abxQDtQs9",نقل مباشر,مخطط: 3.8 عمر بن أبي ربيعة,عمر بن أبي ربيعة؛ سلمى,«قف بالطواف ترى الغزال المحرما…» لعمر، قالها حين رأى سلمى في الطواف.,ديوان عمر (خارج السجل)؛ الأغاني [@aghani-dk].,صالح بعد التوثيق,فحص الديوان والأغاني قبل أي استعمال.,لغة الأبيات وبناؤها يثيران الشك، ولم نتحقق. وفيه صورة t.co. بعده تكملة («يتبع») لم تُحفظ في الدفعة.,C63,2022-07-08 16:33:40,https://x.com/Arabic_poetry_0/status/1545400727224336385,منشور مستقل,,نسبة مشكوك فيها,2 — مدخل لمسح عصر لاحق,نقد وموازنة وتذوق، شرح المعاني والنصوص,,02_Literary_Criticism_01
1570378603980001280,2022,"(أشعر شعراء العرب في الجاهلية)
 قالت العرب: إنّ أشعر شعراء العرب في الجاهلية أربعة هم: امرؤ القيس إذا ركب، والنابغة إذا رهب، وزهير إذا رغب، والأعشى إذا طرب، وهم بذلك يقصدون أنّ هؤلاء الشّعراء كانوا يقولون أفضل أشعارهم في الحالات الآتية:
..
👇يتبع👇",نقل مع تعليق,قائم: موضوع المعلقات (/path/1/al-muallaqat/) أو صفحات المسارات الأربعة؛ وقسم المجون الجاهلي لعبارة «الأعشى إذا طرب»,امرؤ القيس؛ النابغة؛ زهير؛ الأعشى؛ (كثير أو نصيب في العمدة),«قالت العرب: أشعر شعراء العرب في الجاهلية أربعة: امرؤ القيس إذا ركب، والنابغة إذا رهب، وزهير إذا رغب، والأعشى إذا طرب».,فحص أولي: العمدة ج1 ص95 [@ibn-rashiq] روايتان: «وحكى الأصمعي عن ابن أبي طرفة: كفاك من الشعراء أربعة: زهير إذا رغب، والنابغة إذا رهب، والأعشى إذا طرب، وعنترة إذا كلب، وزاد قوم: وجرير إذا غضب» (بلا امرئ القيس)، ثم «وقيل لكثير أو لنصيب: من أشعر العرب؟ فقال: امرؤ القيس إذا ركب، وزهير إذا رغب، والنابغة إذا رهب، والأعشى إذا شرب».,صالح للتحقيق,تحقيق النص من صفحة العمدة. المنشور يجمع بين الروايتين: أربعة كثير أو نصيب، مع «إذا طرب» من رواية الأصمعي. و«قالت العرب» تعميم. يُكتب مرة واحدة في موضع واحد بروايتيه وقائليهما ويُحال إليه.,بقية السلسلة (شرح الحالات) غير محفوظة.,C64,2022-09-15 14:46:50,https://x.com/Arabic_poetry_0/status/1570378603980001280,منشور مستقل,,حكم نقدي مأثور,1 — يمس صفحات مكتوبة,نقد وموازنة وتذوق، التاريخ والتراجم والأخبار,,02_Literary_Criticism_01
1621209913597755396,2023,"بَلى وَالَّذي نَجّى مِنَ الجُبِّ يوسُفاً
وَأَرسَلَ داوُوداً وَأَوحى إِلى الخِضرِ

بَلى وَالَّذي لا يَعلَمُ الغَيبَ غَيرَهُ
بِقُدرَتِهِ تَجري المَراكِبُ في البَحرِ

سَأَصبِرُ حَتّى يَعلَمَ الناسُ أَنَّني
عَلى نائِباتِ الدَهرِ أَقوى مِنَ الصَخرِ
..
👇يتبع👇",نقل مباشر,لا موضع الآن,—,«بلى والذي نجى من الجب يوسفا…».,—,يحتاج سياقًا,معرفة القائل من السلسلة.,من سلسلة C27 نفسها. المنشور السابق: 1621209908224876545.,C65,2023-02-02 21:12:18,https://x.com/Arabic_poetry_0/status/1621209913597755396,سلسلة,1621209908224876545,نص,3 — منخفض,نقد وموازنة وتذوق، العروض والقافية,,02_Literary_Criticism_01
1650526201436332032,2023,@nbras8800 نُسبت للمتنبي لأنها وردت كذلك في ديوانه للواحدي، لكن هل المتنبي في الأبيات !  شخصيا لا أظن هذا نسج المتنبي، ومِن أوائل من أورد الأبيات هو ياقوت الحموي ونسبها للأصفهاني، وهناك بعض المصادر ترويها للمتنبي ومن يوردها يعلق بأنها محل نظر مثل الوافي بالوفيات وغيره.,رأي أصلي محتمل,مخطط: 4.9–4.11 المتنبي (منسوباته),المتنبي؛ الواحدي؛ ياقوت الحموي؛ أبو الفرج الأصفهاني؛ صاحب «الوافي بالوفيات»,الأبيات في ديوان المتنبي برواية الواحدي، و«شخصيًا لا أظن هذا نسج المتنبي»، وأوائل من أوردها ياقوت ونسبها للأصفهاني، و«الوافي» يعلّق بأنها محل نظر.,شرح الواحدي؛ معجم الأدباء؛ الوافي بالوفيات (كلها خارج السجل).,صالح بعد التوثيق,يُطلب تحديد الأبيات من المحادثة. وأرجّح أنها «لست الملوم» (انظر A8)، وهذا استنتاج.,سياق المحادثة غير متاح. الحكم الأسلوبي رأي صاحب الحساب ويُحفظ بنصه. المنشور الأصل: 1650518713093767171.,C66,2023-04-24 18:44:46,https://x.com/Arabic_poetry_0/status/1650526201436332032,رد,1650518713093767171,تعقب نسبة؛ حكم أسلوبي,2 — مدخل لمسح عصر لاحق,نقد وموازنة وتذوق,,02_Literary_Criticism_01
1661084090001440779,2023,"@rouou5 أشارك معكم أ. روح .. ولست طالب صرف، بل محب للأدب وأهله، لعلي أستفيد من الإجابة الصحيحة منكم لاحقا:
الفاضلة مؤنث فاضل، والفضلى مؤنث أفضل تقال في سياق التفضيل.
..
شكرا لكم.",رأي أصلي محتمل,لا موضع,—,«الفاضلة مؤنث فاضل، والفضلى مؤنث أفضل تقال في سياق التفضيل».,—,لا نفع مباشر الآن,لا شيء.,سياق المحادثة غير متاح. المنشور الأصل: 1661079131382005776.,C67,2023-05-23 21:58:03,https://x.com/Arabic_poetry_0/status/1661084090001440779,رد,1661079131382005776,معلومة صرفية,3 — منخفض,نقد وموازنة وتذوق، اللغة والنحو والمعاجم,معلومة صرفية صُنّفت «نقد وموازنة».,02_Literary_Criticism_01
1677994278902026241,2023,"الفقيه بن عبد البِرّ إمام الأندلس وعالمها، الذي التاحت به معَالِمُها يقول في وصيته لابنه، وما أغلاها من وصية:
تَجَافَ عن الدنيا وهوِّن لقَدرِهَا
 ووفِّ سبيل الدين بالعُروَة الوُثقَى

وسارِع بتقوى الله سِرّاً وجهرةً
فلا ذمّة أقوى هُدِيتَ من التَّقوِى
..
👇يتبع👇",نقل مباشر,الأندلس (ابن عبد البر؛ لا موضع),ابن عبد البر,أبيات في وصية ابن عبد البر لابنه.,نفح الطيب [@nafh] أو غيره.,لا نفع مباشر الآن,منخفض.,بقية السلسلة غير محفوظة.,C68,2023-07-09 13:53:06,https://x.com/Arabic_poetry_0/status/1677994278902026241,منشور مستقل,,نص,3 — منخفض,نقد وموازنة وتذوق، التاريخ والتراجم والأخبار,,02_Literary_Criticism_01
1713215578893066559,2023,"٢-وضربٌ منهُ حسنٌ لفظه وحلا، فإذا أنت فتشتهُ لم تجد هناكَ فائدةٌ فى المعنى، كقول القائل:
ولما قضَينا مِن مِنى  كلَّ  حاجةٍ
ومسّحَ بالأركانِ من هوَ ماسحُ

أخذنا بأطرافِ الأحاديثِ بيننا
وسالت بأعناقِ المَطِيِّ الأباطحُ

هذه الألفاظ كما ترى، أحسن شيء مخارج ومطالع ومقاطع.
..
👇يتبع👇",نقل مباشر,مخطط: 4.19 النقد (ابن قتيبة)؛ 3.6 كثير (نسبة الشاهد),ابن قتيبة (ضمنًا),الضرب الثاني من الشعر «حسن لفظه وحلا، فإذا أنت فتشته لم تجد هناك فائدة في المعنى»، وشاهده «ولما قضينا من منى كل حاجة».,فحص أولي: الشعر والشعراء ج1 ص67 [@ibn-qutayba]، وابن قتيبة يقول «كقول القائل» ولا يسمي الشاعر.,صالح للتحقيق,المادة منقولة من ابن قتيبة لا رأي لصاحب الحساب. تُكتب في 4.19 من الكتاب مباشرة. ونسبة الشاهد مختلف فيها خارج ابن قتيبة.,المنشور جزء ثانٍ من سلسلة؛ الأول والتالي غير محفوظين. المنشور السابق: 1713215574233272822.,C69,2023-10-14 18:29:58,https://x.com/Arabic_poetry_0/status/1713215578893066559,سلسلة,1713215574233272822,قضية نقدية (أقسام الشعر عند ابن قتيبة),2 — مدخل لمسح عصر لاحق,نقد وموازنة وتذوق، شرح المعاني والنصوص,نقل حرفي من ابن قتيبة؛ صنّفه الفهرس «نقد» وهو صحيح موضوعًا، لكنه ليس رأيًا لصاحب الحساب.,02_Literary_Criticism_01
1722288299866259809,2023,"مِن روائع أبي العباس الإشبيلي -الإمام- ، قصيدةٌ غراميةٌ في علومِ الحديث وهذه القصيدة عُنيَ بها العلماءُ وكَثُرَ شُراحها:

غرامي صحيحٌ والرجا فيكَ معضلُ
وحزني ودمعي مرسَلٌ و مسلسلُ

وصبريَ عنكم يشهد العقلُ أنهُ
ضعيفٌ ومتروكٌ وذليَ أجملُ 
..
👇يتبع👇",نقل مباشر,الباب 6 (المنظومات العلمية),أبو العباس الإشبيلي,«غرامي صحيح والرجا فيك معضل…» قصيدة غرامية في مصطلح الحديث، كثر شراحها.,—,لا نفع مباشر الآن,مثال محتمل للتورية بالمصطلحات.,بقية السلسلة غير محفوظة.,C70,2023-11-08 19:21:43,https://x.com/Arabic_poetry_0/status/1722288299866259809,منشور مستقل,,نص (منظومة),3 — منخفض,نقد وموازنة وتذوق، تأملات وأفكار أدبية,,02_Literary_Criticism_01
1728081919177363504,2023,"من أعذبِ الألفاظ وأجمل الكلمات، لفظةٌ يفيضُ سروري بِها: ""الوُدّ"" وتعني خالص الحب وألطفه وأرقّه.
ومن أجمل الأبيات في الود للمتنبي:

أقل اشتِياقاً أيّها القلب ربما
رأيتُك تُصفي الوُد من ليس صافِيا

خُلِقت ألوفاً لو رجعت إلى الصّبا
لفارقت شيبي مُوجَع القلب باكِيا",رأي أصلي محتمل,مخطط: 4.9–4.11 المتنبي (إن احتيج),المتنبي,لفظة «الود» من أعذب الألفاظ، وبيتا المتنبي «أقل اشتياقًا أيها القلب…».,—,لا نفع مباشر الآن,لا شيء.,,C71,2023-11-24 19:03:30,https://x.com/Arabic_poetry_0/status/1728081919177363504,منشور مستقل,,تجربة قراءة,3 — منخفض,نقد وموازنة وتذوق,,02_Literary_Criticism_01
1731681893345603898,2023,"كان له غلامٌ، وجارية من أحسن ما تكون، فنظر الغلام إليها وراودها، فقتلها ديك الجن ثم أنشد:

رَوَّيتُ مِن دَمهَا الثرَى وَلَطالِما 
رَوِّى الهوَى شَفتيَّ مِن شَفَتيها
 
قَد بَات سَيفِي في مَجَال وِشاحهَا 
وَمَدامِعي تَجرِي عَلى خَدَّيها
..
👇يتبع👇",نقل مباشر,وجه عباسي (ديك الجن),ديك الجن,قتل ديك الجن جاريته لما ظن بها وبغلامه، ثم أنشد «رويت من دمها الثرى…».,الأغاني [@aghani-dk] ترجمة ديك الجن؛ ديوانه ت. مظهر الحجي ص30، وأمالي الزجاجي ص79 (خارج السجل؛ انظر A25).,صالح للتحقيق,تحقيق الخبر ودرجته.,بقية السلسلة غير محفوظة. يرتبط بـ A25. ورد في الملفين: C72 وA51.,C72/A51,2023-12-04 17:28:31,https://x.com/Arabic_poetry_0/status/1731681893345603898,منشور مستقل,,خبر,2 — مدخل لمسح عصر لاحق,تحقيق النسبة والروايات، نقد وموازنة وتذوق,,02_Literary_Criticism_01 + 01_Attribution_and_Variants_01
1745540036345339995,2024,"حينما عرف عمر بن أبي رييعة أن فتاة اسمها الثريا سوف تتزوج رجلاً اسمه سهيل قال:

أيُّها المُنكِحُ الثُرَيّا سُهَيلاً
عَمرَكَ اللهَ كيفَ يَلتقيانِ ؟!

هِيَ شامِيَّةٌ إذا ما اِستَقَلَّت
وسُهيلٌ إذا اِستَقَلَّ يَمانِ
..
في الأبيات تورية مهيّأة .. للفائدة تابع المعنى:
👇👇👇👇",نقل مع تعليق,مخطط: 3.8 عمر بن أبي ربيعة؛ 4.20 البلاغة,عمر بن أبي ربيعة؛ الثريا؛ سهيل,قالها عمر حين علم أن الثريا ستتزوج سهيلًا، و«في الأبيات تورية مهيأة».,فحص أولي: وفيات الأعيان ج3 ص437 [@wafayat] (سهيل بن عبد الرحمن بن عوف تزوجها ونقلها إلى مصر)؛ خزانة البغدادي [@khizana] (الشاهد 87)؛ العمدة [@ibn-rashiq]. ومصطلح «التورية المهيأة» يُراجع في خزانة ابن حجة [@khizana-hamawi].,صالح للتحقيق,مادة جاهزة لـ 3.8 بعد التحقيق. ويُتحقق من مصطلح «مهيأة» قبل استعماله.,بقية السلسلة (الشرح) غير محفوظة.,C73,2024-01-11 23:15:49,https://x.com/Arabic_poetry_0/status/1745540036345339995,منشور مستقل,,شاهد بلاغي (تورية)؛ مناسبة,2 — مدخل لمسح عصر لاحق,نقد وموازنة وتذوق، شرح المعاني والنصوص,,02_Literary_Criticism_01
1766485562087690445,2024,"يقول الجاحظ:
فإذا صَفَا لك أخ فكن بهِ أشدّ ضنًّا منكَ بنفائس أموالك، ولا يُزهِدنَّك فيه أن ترى منه خُلُقًا أو خُلُقين تكرههما؛ فإن نفْسك التي هي أخص النفوس بك لا تُعطيكَ المَقَادةَ في كل ما تُريد، فكيف بنفسِ غيرِك !

وإذا صَفا لكَ من زمانِكَ واحِدٌ
فهو المُراد وعِش بذاكَ الواحدِ",نقل مباشر,مخطط: 4.16 الجاحظ,الجاحظ,قول للجاحظ «فإذا صفا لك أخ فكن به أشد ضنًّا منك بنفائس أموالك…» وبعده البيت «وإذا صفا لك من زمانك واحد…».,كتب الجاحظ في السجل ([@bayan]، [@hayawan]) أو رسائله (خارج السجل).,صالح للتحقيق,تحديد موضع القول.,البيت منسوب في C58 للأمين.,C74,2024-03-09 18:25:52,https://x.com/Arabic_poetry_0/status/1766485562087690445,منشور مستقل,,نص نثري,3 — منخفض,نقد وموازنة وتذوق، شرح المعاني والنصوص,,02_Literary_Criticism_01
1946431405065372059,2025,"فثوبي والمُدَامُ ولونُ خدّي
قريبٌ مِن قريبٍ مِن قريبِ!!
... 
الوأواء الدمشقي (الديوان)

ترتبط هذه الأبيات بقصة أدبية طريفة جمعت بين ثلاثة من كبار الشعراء: أبي نواس، ودعبل، وأبي العتاهية، وتُعدّ من أبلغ ما قيل في وصف الألوان شِعراً.

رابط تغريدة القصة..:
https://t.co/3wCxuRnNIW https://t.co/vxQr2WRe8a",نقل مع تعليق,وجه عباسي (الوأواء)؛ مخطط: 4.3 أبو نواس، 4.4 أبو العتاهية,الوأواء الدمشقي؛ أبو نواس؛ دعبل؛ أبو العتاهية,البيت «فثوبي والمدام ولون خدي…» للوأواء (الديوان)، ويرتبط بقصة جمعت أبا نواس ودعبلًا وأبا العتاهية.,ديوان الوأواء (خارج السجل)؛ يتيمة الدهر [@yatima].,يحتاج سياقًا,تعارض زمني يُحل قبل أي استعمال: الوأواء من القرن الرابع، والثلاثة من القرنين الثاني والثالث. فإما أن البيت لغيره في القصة، أو أن القصة موضوعة.,تغريدة القصة غير محفوظة (رابط t.co).,C75,2025-07-19 07:46:24,https://x.com/Arabic_poetry_0/status/1946431405065372059,اقتباس محتمل,,خبر أدبي؛ تعارض زمني,2 — مدخل لمسح عصر لاحق,نقد وموازنة وتذوق,,02_Literary_Criticism_01
1481628076060471297,2022,"من أعنف العبارات التي قيلت في تاريخ الأدب العربي، ما جاء على لسان عايدة التي أُجبرت على الزواج ممن لا ترغب به حين قالت يوم وُضِعَ خاتم الخطبة في إصبعها :
""حقاً ما ظننتُ قَطُّ أنَّ الإنسانَ يُمكنُ أن يُخنقَ من إصبعه.""
..
مِن رواية إني راحلة لـ يوسف السباعي",نقل مباشر,مخطط: 7.12 بدايات الرواية (إن احتيج),يوسف السباعي؛ عايدة (شخصية),عبارة من رواية «إني راحلة»: «ما ظننت قط أن الإنسان يمكن أن يخنق من إصبعه».,—,لا نفع مباشر الآن,لا شيء.,,A3,2022-01-13 17:03:55,https://x.com/Arabic_poetry_0/status/1481628076060471297,منشور مستقل,,نص روائي حديث,3 — منخفض,تحقيق النسبة والروايات، التاريخ والتراجم والأخبار، الكتب والمصادر والقراءة، تأملات وأفكار أدبية,اقتباس روائي حديث صُنّف «تحقيق النسبة».,01_Attribution_and_Variants_01
1999703785531183524,2025,@sihayijm أسعد الله صباحكم حبيبنا -- نعم تنسب للعباس وتجدونها في ديوان البحتري ( تحقيق وشرح وتعليق الصيرفي -- دار المعارف ص1443) كما أن صاحب كتاب الزهرة ينسب البيت (الأول والرابع) لأم حمادة الهمداني.,نقل مع تعليق,مخطط: الباب 4 (العباس بن الأحنف، وجه؛ 4.6 البحتري),العباس (بن الأحنف؟)؛ البحتري؛ حسن كامل الصيرفي؛ صاحب «الزهرة»؛ أم حمادة الهمدانية,الأبيات تنسب للعباس، وهي في ديوان البحتري (تحقيق الصيرفي، دار المعارف، ص1443)، وصاحب «الزهرة» ينسب الأول والرابع لأم حمادة الهمدانية.,ديوان البحتري ت. الصيرفي ص1443؛ الزهرة لابن داود (كلاهما خارج السجل).,يحتاج سياقًا,تحديد الأبيات من المحادثة. والمراجع دقيقة فتُحفظ.,سياق المحادثة غير متاح. و«العباس» غير معرّف في المنشور. المنشور الأصل: 1999625724798366100.,A5,2025-12-13 07:51:49,https://x.com/Arabic_poetry_0/status/1999703785531183524,رد,1999625724798366100,تعقب نسبة (مراجع محددة),2 — مدخل لمسح عصر لاحق,تحقيق النسبة والروايات، الكتب والمصادر والقراءة,,01_Attribution_and_Variants_01
1297446180998148097,2020,"@AbdullaAleissa لا أختلف معك يا صديقي.. كتب الأدب مليئة بأشعار لم تنسب لأحد ومليئة بقصص لا أصل لها ولا فصل.. لكن هٰذه القصة وردت في كتابين ومصدرين مختلفين ولا لما نشرتها "" البداية والنهاية العصر الأموي و أعلام النساء في عالمي العرب والإسلام. الجزء الخامس.. ص 256
.
والله أعلم.. 😬",رأي أصلي محتمل,داخلي: فهرس المنهج,—,القصة (غير مسماة هنا) وردت في كتابين: «البداية والنهاية» (العصر الأموي)، و«أعلام النساء» ج5 ص256.,البداية والنهاية؛ أعلام النساء لكحالة (خارج السجل).,يحتاج سياقًا,معرفة القصة من المحادثة الأصلية. وشرط المشروع أشد من «ورودها في كتابين»: الطبعة المعتمدة ودرجة الرواية.,سياق المحادثة غير متاح. المنشور الأصل: 1297444146458828800.,A6,2020-08-23 11:10:49,https://x.com/Arabic_poetry_0/status/1297446180998148097,رد,1297444146458828800,منهج (شرط النشر),3 — منخفض,تحقيق النسبة والروايات، التاريخ والتراجم والأخبار,,01_Attribution_and_Variants_01
1305587100566216705,2020,@Alhajeer83 @mmnnaassdd36 تنسب له لٰكن اللغة معاصرة جدا وفيها كسر في الوزن.. الله أعلم ينسب، لمكانة الإمام علي رضي الله عنه الكثير مما لم يقله - احيانًا ركيكة جدا لا يصح نسبتها له - محبتي، لكما.. ❤💐,رأي أصلي محتمل,مقترح: موضوع «ما نُحل على علي والشافعي» (لم يُنشأ)؛ داخلي: فهرس المنهج,علي بن أبي طالب,معايير رد النسبة: اللغة المعاصرة جدًا، والكسر في الوزن، والركاكة. «لمكانة الإمام علي… الكثير مما لم يقله».,—,لا نفع مباشر الآن,يُضم إلى فهرس المنهج؛ وهو مقدمة صالحة للموضوع المقترح.,سياق المحادثة غير متاح، ولا تُعرف الأبيات المقصودة. المنشور الأصل: 1305586173084160007.,A7,2020-09-14 22:19:56,https://x.com/Arabic_poetry_0/status/1305587100566216705,رد,1305586173084160007,منهج (معايير نقد النسبة),2 — مدخل لمسح عصر لاحق,تحقيق النسبة والروايات، العروض والقافية، اللغة والنحو والمعاجم,,01_Attribution_and_Variants_01
1600912503168331776,2022,"*البيت:
""لستَ الملومَ أنا الملومُ لأنني
عَـلَّقتُ آمالي بغير الخالقِ""
يُنسب بكثرة للمتنبي ومثبت في ديوانه ولكن ياقوت الحموي في معجم الأدباء نسبه إلى أبي الفرج الأصفهاني صاحب كتاب الأغاني.
 
*كذلك بيت آخر ينسب خطأ للمتنبي:
""ومن لم يمت بالسيف مات بغيره"" وهو لابن نباتة السعدي.",رأي أصلي محتمل,مخطط: 4.9–4.11 المتنبي (منسوباته)؛ وجه عباسي: ابن نباتة السعدي,المتنبي؛ ياقوت الحموي؛ أبو الفرج الأصفهاني؛ ابن نباتة السعدي,(1) «لست الملوم أنا الملوم…» مثبت في ديوان المتنبي، وياقوت في «معجم الأدباء» ينسبه إلى أبي الفرج. (2) «ومن لم يمت بالسيف مات بغيره» لابن نباتة السعدي لا للمتنبي.,(1) معجم الأدباء (خارج السجل). (2) يتيمة الدهر [@yatima] ووفيات الأعيان [@wafayat]، ترجمة ابن نباتة السعدي.,صالح للتحقيق,الشق الثاني قابل للتحقق الآن من مصدرين معتمدين، والأول ينتظر اعتماد «معجم الأدباء». ويرتبط بـ C66.,,A8,2022-12-08 20:57:38,https://x.com/Arabic_poetry_0/status/1600912503168331776,منشور مستقل,,تعقب نسبة,2 — مدخل لمسح عصر لاحق,تحقيق النسبة والروايات، اللغة والنحو والمعاجم,,01_Attribution_and_Variants_01
1288548111158132736,2020,"يقول الشاعر في مُخالفة المَرأة : 

إنّ التي عذبتني في محبتها
كل العذاب فما ابقت ولا تركت.

عاتبتها فبكت فاستعبرت جزعا
عيني فلما رأتني باكيا ضحكت!

فعدتُ اضحك مسرورا بضحكتها
مني فلما رأتني قد ضحكت بكت!
.
""ملاحظة : تنسب لكثير عزة "" 
.
#نمير_البيان 
#مجمع_الأدب 
#بوابة_الشعراء",نقل مباشر,مخطط: 3.6 كثير عزة (بعد التحقق فقط),كثير عزة,«إن التي عذبتني في محبتها…» «تنسب لكثير عزة».,ديوان كثير (خارج السجل).,صالح بعد التوثيق,فحص عند كتابة 3.6.,,A9,2020-07-29 21:53:04,https://x.com/Arabic_poetry_0/status/1288548111158132736,منشور مستقل,,نسبة غير محققة,3 — منخفض,تحقيق النسبة والروايات، شرح المعاني والنصوص,,01_Attribution_and_Variants_01
1498746717579055106,2022,"@saad6126 لعلّ مَن شرحَ المعلقة مثل الزوزني وغيره قد أخطأو حين وضعوا أنه قد يحتمل الصواب المعنى الآخر أيضا يا صديقي.. !!! 
..
راجع شرح المعلقة للزوزني ص53 لتفهم كم أن السؤال سخيف...  !",رأي أصلي محتمل,قائم: إحدى المعلقات (لا يُعرف البيت),الزوزني,شُرّاح المعلقة كالزوزني ذكروا أن البيت يحتمل المعنى الآخر أيضًا، والسؤال عنه «سخيف».,شرح الزوزني ص53 (الطبعة غير محددة) [@zawzani].,يحتاج سياقًا,لا شيء قبل معرفة البيت من المحادثة الأصلية. ثم مطابقة ص53 بطبعة السجل.,سياق المحادثة غير متاح. ونبرة الرد حادة، فلا يُنقل. المنشور الأصل: 1498743304330096640.,A11,2022-03-01 22:47:17,https://x.com/Arabic_poetry_0/status/1498746717579055106,رد,1498743304330096640,شرح نص (احتمال معنيين),1 — يمس صفحات مكتوبة,شرح المعاني والنصوص، تحقيق النسبة والروايات,,01_Attribution_and_Variants_01
1529491605211688961,2022,"بكر بن النّطّاح  لهُ شعرٌ مبثوث في كتبِ الأدب، إذ ليسَ لهُ ديوانٌ مجموع، وهوَ قائل البيتِ المشهور:
عَرَضتُ عليها ما أرادَت مِن المُنى 
        لِترضَى، فقالت: قُمْ، فجِئني بِكوكبِ! 
.",نقل مباشر,وجه عباسي (بكر بن النطاح),بكر بن النطاح,ليس لبكر بن النطاح ديوان مجموع، وشعره مبثوث في كتب الأدب، وهو قائل «عرضت عليها ما أرادت من المنى…».,الأغاني [@aghani-dk] ترجمته.,صالح للتحقيق,يُتحقق من «ليس له ديوان مجموع» (قد يكون جُمع حديثًا).,,A12,2022-05-25 18:56:29,https://x.com/Arabic_poetry_0/status/1529491605211688961,منشور مستقل,,ترجمة؛ نسبة,3 — منخفض,تحقيق النسبة والروايات، الكتب والمصادر والقراءة,ترجمة قصيرة صُنّفت «تحقيق النسبة»؛ فيها نسبة بيت لكنها ليست تعقبًا.,01_Attribution_and_Variants_01
1866742159287730610,2024,"البيت (29): الحاجبية أي عزة وهذا نسبها إلى جدها حاجب بن غفار، يقول أنها قد أتعبته معها.

البيت (30): يقول أن حبل الوصل قد انقطعت علائقه.
البيت (32): الخلة أي المودة، يذكرها بأنها نست المودة.

البيت (33): هذا البيت لا يصدر إلا عن أصيل، يقول لو نست هي أنا لا أنسى احسانها إلي
👇👇 https://t.co/SxyXr0XvJK",رأي أصلي محتمل,مخطط: 3.6 كثير عزة,كثير عزة؛ عزة («الحاجبية»),شرح الأبيات 29–33: «الحاجبية» عزة منسوبة إلى جدها حاجب بن غفار، و«البيت 33 لا يصدر إلا عن أصيل».,ديوان كثير (خارج السجل)؛ أمالي القالي [@qali] إن كانت القصيدة التائية.,صالح بعد التوثيق,يُعرف النص من السلسلة. والشرح لصاحب الحساب يُحفظ ويُطابق بالشروح.,وسط سلسلة؛ صورة t.co. المنشور السابق: 1866742149997531401.,A13,2024-12-11 10:09:47,https://x.com/Arabic_poetry_0/status/1866742159287730610,سلسلة,1866742149997531401,شرح نص,2 — مدخل لمسح عصر لاحق,تحقيق النسبة والروايات، شرح المعاني والنصوص,,01_Attribution_and_Variants_01
1616778125530087424,2023,"بثَّ الشّكوى لربِّه .. فجاءَته البُشرى ؛ { لَم نَجعل له مِن قبلُ سَميّا } !

إذْ لا يَليق بموقِفه الذي ليس له مثيل ؛ إلا طفلاً ليسَ له مَثيل !

الأنبياءُ مدرسةٌ في الحَياة
والقُرآن ؛ هو وثيقةُ التَّعليم
هو وثيقة الأدب الرفيع !
..
د. كفاح أبو هنود.",نقل مباشر,لا موضع,د. كفاح أبو هنود,خاطرة في قصة زكريا عليه السلام منقولة عن د. كفاح أبو هنود.,—,لا نفع مباشر الآن,لا شيء.,وسط سلسلة. المنشور السابق: 1616778121348349955.,A15,2023-01-21 15:41:58,https://x.com/Arabic_poetry_0/status/1616778125530087424,سلسلة,1616778121348349955,تأمل ديني,3 — منخفض,تحقيق النسبة والروايات، الكتب والمصادر والقراءة,خاطرة دينية صُنّفت «تحقيق النسبة».,01_Attribution_and_Variants_01
1806481761016148098,2024,"وما جهلُ الحليمِ لهُ بجهلٍ
ولكن حدُّ أُظفورٍ ونابِ

يلينُ مُلايناً لمُلاينيهِ
ويخشُنُ للمُخاشِنِ ذي الشِّغابِ !
..
والبيت الثاني يشبه قول القائل:
زن من وزنك بما وزنك
وما وزنك به فزنه.

إلى آخر الأبيات، وهي تنسب للشافعي، فما صحة نسبتها !!",سؤال نقدي,مقترح: «ما نُحل على الشافعي»,الشافعي,«وما جهل الحليم له بجهل…»، و«زن من وزنك بما وزنك»: «تنسب للشافعي، فما صحة نسبتها؟».,—,يحتاج سياقًا,جواب السلسلة مطلوب من الفهرس الكامل.,بقية السلسلة غير محفوظة. المنشور السابق: 1806481758860308652.,A21,2024-06-28 03:16:29,https://x.com/Arabic_poetry_0/status/1806481761016148098,سلسلة,1806481758860308652,سؤال نسبة,2 — مدخل لمسح عصر لاحق,تحقيق النسبة والروايات، البلاغة والصورة الفنية,,01_Attribution_and_Variants_01
2006311874497794388,2025,"وحَدِيثُها السِّحرُ الحَلالُ!
..
تُنسب في الحماسة للبحتري ، وهي في ديوان ابن الرومي كما أنها تنسب له أيضا في الأمالي وغيرها من المصادر. https://t.co/OmcF7EmrhP",رأي أصلي محتمل,مخطط: 4.7 ابن الرومي؛ 4.6 البحتري,البحتري؛ ابن الرومي؛ (القالي),«وحديثها السحر الحلال…» تنسب في «الحماسة» للبحتري، وهي في ديوان ابن الرومي، وتنسب له في «الأمالي» وغيرها.,فحص أولي: أمالي القالي ج1 ص84 [@qali] تنسبها إلى علي بن العباس (ابن الرومي). ولا يُعرف أي «حماسة» يقصد. وديوان ابن الرومي خارج السجل.,صالح للتحقيق,تحقيق نص القالي، وتعيين «الحماسة» المقصودة.,فيه صورة t.co.,A22,2025-12-31 13:30:01,https://x.com/Arabic_poetry_0/status/2006311874497794388,منشور مستقل,,تعقب نسبة,2 — مدخل لمسح عصر لاحق,تحقيق النسبة والروايات، الكتب والمصادر والقراءة,,01_Attribution_and_Variants_01
1287694210301177856,2020,@GreenTimeisgold نعم معك حق.. اختلط الشعر كثيرا.. هناك ابيات لا ترقى للعصر الجاهلي لكنها تنسب اليه.. والله اعلم لأي شاعر كانت.. شكرا لك يا عزيزي.. اتفق معك تماما.. ❤❤,رأي أصلي محتمل,مخطط: الموضوع 1.17 «صحة الشعر الجاهلي» (/path/1/al-intihal/ لم يُكتب),—,«هناك أبيات لا ترقى للعصر الجاهلي لكنها تنسب إليه».,—,لا نفع مباشر الآن,يُضم إلى فهرس آراء صاحب الحساب المنهجية.,سياق المحادثة غير متاح. المنشور الأصل: 1287693494547558400.,A23,2020-07-27 13:19:58,https://x.com/Arabic_poetry_0/status/1287694210301177856,رد,1287693494547558400,منهج (الانتحال),1 — يمس صفحات مكتوبة,تحقيق النسبة والروايات، التاريخ والتراجم والأخبار,,01_Attribution_and_Variants_01
1405966176925016067,2021,"توفيّ ديك الجن على قبر ورد وبكر بعدَ أن عاش مُتحسرا حزينا..ما دفعَ ديك الجن للقتل هو الغيرة مع ضياع العقل وقت الغضب. 
.
تجدون القصة في هذه المصادر:
ديوان ديك الجن الحمصي/مظهر الحجي/ص30...وكتاب أمالي الزجاجي/ص79
.
وتختلف الروايات. 
شكرا للجميع.. 🤗",نقل مع تعليق,وجه عباسي (ديك الجن),ديك الجن؛ ورد؛ بكر؛ مظهر الحجي؛ الزجاجي,توفي ديك الجن على قبر ورد وبكر، والدافع «الغيرة مع ضياع العقل وقت الغضب»، و«تختلف الروايات».,ديوان ديك الجن ت. مظهر الحجي ص30؛ أمالي الزجاجي ص79 (خارج السجل)؛ الأغاني [@aghani-dk].,صالح للتحقيق,المراجع دقيقة فتُحفظ. وتعليل الدافع رأي صاحب الحساب.,أول السلسلة غير محفوظ. المنشور السابق: 1405965868652060672.,A25,2021-06-18 22:10:32,https://x.com/Arabic_poetry_0/status/1405966176925016067,سلسلة,1405965868652060672,خبر؛ مصدر قابل للتوثيق,2 — مدخل لمسح عصر لاحق,الكتب والمصادر والقراءة، تحقيق النسبة والروايات,,01_Attribution_and_Variants_01
1525086517093277697,2022,"البيت التالي:
سيَذكرُني قومي إذا الخيلُ أقبلَت
وفي الليلةِ الظلماءِ يُفتقَدُ البدرُ

مِن قصيدة منحولة تُنسب لـ: عنترة وهي لا تثبت له ولا لعصرهِ ، لذلكَ يكونُ السبق في المعنى للحمداني -شاعرٌ عباسي- في بيتهِ:
سيَذكُرني قومي إذا جَدَّ جِدُّهُم
وفي الليلةِ الظلماءِ يُفتقدُ البدرُ",رأي أصلي محتمل,قائم: مسار عنترة › «ما بقي من شعره» (/people/antara/ma-baqiya/)؛ مخطط: الباب 4.12 أبو فراس («أراك عصي الدمع»),عنترة؛ أبو فراس الحمداني («الحمداني»),«سيذكرني قومي إذا الخيل أقبلت» من قصيدة منحولة على عنترة لا تثبت له ولا لعصره؛ والسبق في المعنى لأبي فراس: «إذا جدّ جدّهم».,ديوان عنترة ط. مولوي [@diwan-antara] (فهرس قافية الراء)؛ ديوان أبي فراس (خارج السجل)؛ يتيمة الدهر [@yatima] في ترجمة أبي فراس.,صالح للتحقيق,فحص فهرس قوافي ديوان عنترة (الراء) وإثبات غياب البيت؛ ثم تحديد موضع بيت أبي فراس في رائيته. إن ثبت: جملة في «ما بقي من شعره» عن المشهور المنحول عليه، بلا بطاقة جديدة.,أهم مادة في الدفعة للعصر الجاهلي. البيت غير موجود في الموقع الآن. رأي صاحب الحساب يُحفظ بنصه وتاريخه (2022-05-13).,A26,2022-05-13 15:12:15,https://x.com/Arabic_poetry_0/status/1525086517093277697,منشور مستقل,,تعقب نسبة؛ أخذ,1 — يمس صفحات مكتوبة,تحقيق النسبة والروايات، شرح المعاني والنصوص,,01_Attribution_and_Variants_01
1604795887657566209,2022,@Abdullahkhalla5 الله أعلم في ديوان الحماسة للمرزوقي نسبها لأعرابي.. والشيخ لم يذكر الأبيات فلو كانت له لذكر أبياتها -كما يفعل دائما- ، والتشابه في القصة غالبا يكون وقوع حافر على حافر. والله أعلم....شكرا لك عزيزي,نقل مع تعليق,غير محدد,المرزوقي؛ «الشيخ» (غير معروف),المرزوقي نسب الأبيات لأعرابي، و«الشيخ» لم يذكرها، «فلو كانت له لذكر أبياتها كما يفعل دائمًا»، والتشابه في القصة «وقوع حافر على حافر».,الحماسة: يُحال إلى المرزوقي بطبعة أمين–هارون، أو إلى التبريزي [@tabrizi-hamasa].,يحتاج سياقًا,تحديد الأبيات و«الشيخ» من المحادثة.,سياق المحادثة غير متاح. المنشور الأصل: 1604792227540058112.,A27,2022-12-19 14:08:49,https://x.com/Arabic_poetry_0/status/1604795887657566209,رد,1604792227540058112,تعقب نسبة؛ منهج,3 — منخفض,تحقيق النسبة والروايات، الكتب والمصادر والقراءة,,01_Attribution_and_Variants_01
1725187189305114970,2023,"كأَنَّ فؤادَه كَفَّا غَرِيقٍ
تَنازَعَهُ بِشَطِّ البَحرِ حُوتُ

لِهندٍ منكَ عَينٌ ذاتُ سَجلٍ
وقَلبٌ سَوفَ يُفقَدُ أَو يَفُوتُ

إِذا اكتَنَفا بِضَرِّهِما سَقِيماً
يُعادِى الدّاء ليس لَهُ مُقِيتُ
..
👇يتبع👇",نقل مباشر,كما في C40,—,أبيات «كأن فؤاده كفا غريق…» في سلسلة نجد، بلا قائل.,—,يحتاج سياقًا,السلسلة كاملة مطلوبة.,أول السلسلة غير محفوظ؛ يليه C40. المنشور السابق: 1725187186041983148.,A28,2023-11-16 19:20:53,https://x.com/Arabic_poetry_0/status/1725187189305114970,سلسلة,1725187186041983148,نص,3 — منخفض,تحقيق النسبة والروايات، العروض والقافية,,01_Attribution_and_Variants_01
1730149494358966585,2023,"يا سلام .. الأبيات تنسب لابن عربي -الشيخ الأكبر- عند الصوفية .. سأنقل لكم الأبيات تحت تغريدة الفيديو. 
ملاحظة المنشد الكريم قال:
 يا بدرُ بذلٍ لن نبرح
عن باب (الحُبّ) فهل نلج؟

الأصح: 
عن باب الحِبّ .. بالكسرة أي المحبوب .. لن نبرح عن باب المحبوب حتى نلج. بهذا المعنى. https://t.co/g7Fvc1LU8B",نقل مع تعليق,مخطط: 4.22 الشعر الصوفي,ابن عربي,الأبيات تنسب لابن عربي «عند الصوفية»، وصواب «عن باب الحُبّ» في الإنشاد هو «الحِبّ»، أي المحبوب.,لسان العرب [@lisan] (حبب) للضبط؛ ولا مصدر للنسبة.,صالح بعد التوثيق,التصويب اللغوي قابل للتحقق الآن. وأما النسبة فتحتاج مصدرًا، وأرى الوزن والقافية على وزن «المنفرجة» وقافيتها.,فيه فيديو t.co.,A29,2023-11-30 11:59:18,https://x.com/Arabic_poetry_0/status/1730149494358966585,منشور مستقل,,ضبط لغوي؛ نسبة غير محققة,3 — منخفض,تحقيق النسبة والروايات، شرح المعاني والنصوص,,01_Attribution_and_Variants_01
1783860669655249290,2024,"أبيات تنسب للشافعي رحمة الله عليه، موجودة في كثير من المواقع الأدبية بهذه الصيغة:

أعرض عن الجاهلِ السفيهِ
فكلُّ ما قال فهو فيهِ

ما ضرَّ بحرَ الفراتُ يوما
إن خاض بعضُ الكلاب فيهِ !
..
البيت الثاني، من يكتشف الأخطاء الموجودة فيه!",سؤال نقدي,مقترح: «ما نُحل على الشافعي»,الشافعي,«أعرض عن الجاهل السفيه…» المنسوبة للشافعي في المواقع، وفي البيت الثاني أخطاء.,—,يحتاج سياقًا,جواب السؤال (الأخطاء) غير محفوظ؛ يُطلب.,,A30,2024-04-26 17:08:20,https://x.com/Arabic_poetry_0/status/1783860669655249290,منشور مستقل,,نقد رواية (أخطاء لغوية),3 — منخفض,تحقيق النسبة والروايات، العروض والقافية,,01_Attribution_and_Variants_01
1316064932811755522,2020,@af9ec8308ad94c3 تنسب، كثيرًا له ولكنها في ديوان الوأواء الدمشقي وليست ليزيد,رأي أصلي محتمل,وجه عباسي (الوأواء الدمشقي)؛ الباب 3 (يزيد بن معاوية),يزيد (بن معاوية)؛ الوأواء الدمشقي,أبيات تنسب كثيرًا ليزيد «ولكنها في ديوان الوأواء الدمشقي وليست ليزيد».,ديوان الوأواء (خارج السجل)؛ يتيمة الدهر [@yatima].,يحتاج سياقًا,تحديد الأبيات من المحادثة.,سياق المحادثة غير متاح. وأرجّح أنها «وأسبلت لؤلؤًا من نرجس…»، وهذا استنتاج. المنشور الأصل: 1316056152740958208.,A32,2020-10-13 20:15:05,https://x.com/Arabic_poetry_0/status/1316064932811755522,رد,1316056152740958208,تعقب نسبة,2 — مدخل لمسح عصر لاحق,تحقيق النسبة والروايات، الكتب والمصادر والقراءة,,01_Attribution_and_Variants_01
1975876056944144582,2025,"@umustry لفظ السلام: راجع لسان العرب(ج١٢ -ص ٢٨٩)
لفظ مسجد: راجع قصة أصحاب الكهف (الآية 21)
.. 
بالنسبة للرواية: نقلها ابن عساكر والسيوطي وغيرهم، أما ابن كثير بعد أن روى الخبر من عدة طرق، نقل رأي البيهقي(إذا روي الحديث من أوجه أخر، وإن كان بعضها ضعيفا، دل على أن للحديث أصلا والله أعلم).",نقل مع تعليق,لا موضع,ابن عساكر؛ السيوطي؛ ابن كثير؛ البيهقي,إحالات: لفظ السلام في لسان العرب ج12 ص289، ولفظ مسجد في الكهف 21، والرواية عند ابن عساكر والسيوطي، ورأي البيهقي نقلًا عن ابن كثير.,—,لا نفع مباشر الآن,لا شيء.,سياق المحادثة غير متاح. المنشور الأصل: 1975864246379622592.,A34,2025-10-08 13:48:56,https://x.com/Arabic_poetry_0/status/1975876056944144582,رد,1975864246379622592,تخريج ديني,3 — منخفض,تحقيق النسبة والروايات، اللغة والنحو والمعاجم,تخريج ديني صُنّف «تحقيق النسبة».,01_Attribution_and_Variants_01
1275374093714419714,2020,"@messrajou مما ينسبُ ايضًا للإمام الشافعي : 
تَموتُ الأُسدُ في الغاباتِ جوعاً
 وَلَحمُ الضَأنِ تَأكُلُهُ الكِلابُ

وَعَبدٌ قَد يَنامُ عَلى حَريرٍ 
وَذو نَسَبٍ مَفارِشُهُ التُرابُ",نقل مباشر,مقترح: «ما نُحل على الشافعي»,الشافعي,«تموت الأسد في الغابات جوعًا…» مما ينسب للشافعي.,—,صالح بعد التوثيق,قائمة المنسوبات للفحص.,سياق المحادثة غير متاح. صاحب الحساب تحفّظ: «مما ينسب». المنشور الأصل: 1275371608098643969.,A35,2020-06-23 13:24:13,https://x.com/Arabic_poetry_0/status/1275374093714419714,رد,1275371608098643969,نسبة غير محققة,3 — منخفض,تحقيق النسبة والروايات,,01_Attribution_and_Variants_01
1279448297946492929,2020,"وحين بلغ أحد الأئمة في مجلسه أن ابنه قد عشق شكر الله وأردف:
الآن رقّت حواشيه  ولطفت معانيه  وملحت إشاراته وظرفت حركاته وحسنت عباراته وجادت رسائله وجلّت شمائله فواظب المليح وجـنب القبيح 

وسئل أحد العلماء: هل سلم أحد من العشق؟
فقال: نعم  الجلف الجافي الذي ليس له فضل ولا عـنده فهم",نقل مباشر,لا موضع الآن,«أحد الأئمة»؛ «أحد العلماء»,إمام شكر الله حين عشق ابنه «الآن رقت حواشيه…»، وعالم سئل هل سلم أحد من العشق فقال: «الجلف الجافي».,—,صالح بعد التوثيق,يُطلب المصدر (كتب الحب: ذم الهوى، روضة المحبين، خارج السجل).,وسط سلسلة. المنشور السابق: 1279448296109441024.,A36,2020-07-04 19:13:39,https://x.com/Arabic_poetry_0/status/1279448297946492929,سلسلة,1279448296109441024,خبر (العشق),3 — منخفض,تحقيق النسبة والروايات,,01_Attribution_and_Variants_01
1279478320405417984,2020,"إلى كم تصبّ الدمع عيني وتسكب
وحتّام نار البين في القلب تلهبُ

أبيت ولي وجد يشبّ ضرامه
ودمع له في عارضيّ تصّببُ

وهل لمشوق خانه الصبر عنكم
سوى دمعه فهو الدواء المجرّبُ

فيا ليت شعري هل أفوز برؤيتي
محيّاً له كل المحاسن تنسبُ
..
معروف الرصافي 
#مجمع_الأدب 
#نمير_البيان",نقل مباشر,مخطط: 7.6 الرصافي والزهاوي,معروف الرصافي,«إلى كم تصب الدمع عيني وتسكب…» لمعروف الرصافي.,—,صالح بعد التوثيق,فحص ديوان الرصافي عند مسح النهضة.,,A37,2020-07-04 21:12:57,https://x.com/Arabic_poetry_0/status/1279478320405417984,منشور مستقل,,نسبة,3 — منخفض,تحقيق النسبة والروايات,نقل عادي مع اسم الشاعر صُنّف «تحقيق النسبة» لوجود الاسم.,01_Attribution_and_Variants_01
1283083094568792065,2020,"@Metwaly_1 بوركت على الدرر الثمينة دكتور.. ومما ينسب للمتنبي في العلم : 
.
ذو العقلِ يشقى في النعيم بِعَقلِهِ
وأَخو الجهالةِ في الشقاوةِ ينعم

وَالناس قد نبذوا الحفاظَ فمطلَقٌ
يَنسى الَّذي يولى وعافٍ يندمُ
.
وغيره قال في مفارقة الناس:
فارق ترق كالسيف سل فبان في متنيه ما اخفى القراب واخملا",نقل مع تعليق,مخطط: 4.9–4.11 المتنبي,المتنبي,«ذو العقل يشقى في النعيم بعقله…» «مما ينسب للمتنبي»، وبيت آخر بلا قائل «فارق ترق كالسيف…».,ديوان المتنبي (خارج السجل).,صالح للتحقيق,منخفض. البيتان الأولان معروفان في ميمية المتنبي، و«مما ينسب» هنا أضعف من الواقع. يُتحقق عند مسح العباسي.,سياق المحادثة غير متاح. المنشور الأصل: 1283081728106672128.,A38,2020-07-14 19:57:02,https://x.com/Arabic_poetry_0/status/1283083094568792065,رد,1283081728106672128,نص,3 — منخفض,تحقيق النسبة والروايات,,01_Attribution_and_Variants_01
1290231031992213505,2020,"@ali_muzainy @Nameer_albayan شيخنا الحبيب.. اذكر اني نشرتها مرة في حساب قديم لي وكانت ابيات اطول من هذه ونسبتها له فقالوا انها ليست له ونسبوها لشاعرة في تويتر لا اذكرها وعموما اذا دخلت الحساب ستجد انني حريص كل الحرص على نقل القائل واذا لم اجد وضعتها بين ""قوسين "" الاقتباس ..شكرا لك..",رأي أصلي محتمل,داخلي: قاعدة لقراءة بقية الأرشيف,—,«حريص كل الحرص على نقل القائل، وإذا لم أجد وضعتها بين قوسين الاقتباس».,—,لا نفع مباشر الآن,قاعدة قراءة: النص بين علامتي تنصيص بلا قائل في الأرشيف يعني أن صاحب الحساب لم يعرف قائله يوم النشر.,سياق المحادثة غير متاح. المنشور الأصل: 1290229043741114369.,A39,2020-08-03 13:20:24,https://x.com/Arabic_poetry_0/status/1290231031992213505,رد,1290229043741114369,منهج الحساب (مفتاح قراءة الأرشيف),1 — يمس صفحات مكتوبة,تحقيق النسبة والروايات,,01_Attribution_and_Variants_01
1314692824432926720,2020,@FaroukAlnemer نعم لاحظت ذلك ولديك ذاكرة قوية ما شاء الله.. أذكر مرة استندت على شفا جرف -مصدر- هاوٍ ونسبت بيت ليس له فذكرتني أنت لا أنساها ابدًا.. ❤,مجاملة أو جواب إداري,داخلي: فهرس المنهج,—,«استندت على شفا جرف -مصدر- هاو ونسبت بيتًا ليس له فذكرتني».,—,لا نفع مباشر الآن,لا شيء.,سياق المحادثة غير متاح. المنشور الأصل: 1314692253265408000.,A42,2020-10-10 01:22:49,https://x.com/Arabic_poetry_0/status/1314692824432926720,رد,1314692253265408000,مجاملة؛ اعتراف بخطأ نسبة,3 — منخفض,تحقيق النسبة والروايات,مجاملة واعتراف صُنّفا «تحقيق النسبة».,01_Attribution_and_Variants_01
1314807449216528384,2020,@waleedalsarraf1 الكثير يتداولها مذيلة بإسم المتنبي وهي ليست له .. بحثت ولم أعرف القائل آسف جدًا..!,رأي أصلي محتمل,مخطط: 4.9–4.11 المتنبي (منسوباته),المتنبي,أبيات متداولة باسم المتنبي «وهي ليست له… بحثت ولم أعرف القائل».,—,يحتاج سياقًا,تحديد الأبيات من المحادثة.,سياق المحادثة غير متاح. المنشور الأصل: 1314805541491929088.,A43,2020-10-10 08:58:18,https://x.com/Arabic_poetry_0/status/1314807449216528384,رد,1314805541491929088,تعقب نسبة (سلبي),3 — منخفض,تحقيق النسبة والروايات,,01_Attribution_and_Variants_01
1344636544909410304,2020,"@HameedM97505360 الحديث، رواه أحمد والترمذي وأبو داود والنسائي وابن ماجه والدارمي والحاكم، عن عائشة، 
.
وأما معناه؛ فذكره العيني في عمدة القاري وذكره الشوكاني في نيل الأوطار",نقل مع تعليق,لا موضع,عائشة؛ العيني؛ الشوكاني,تخريج حديث عن عائشة، ومعناه في «عمدة القاري» و«نيل الأوطار».,—,لا نفع مباشر الآن,لا شيء.,سياق المحادثة غير متاح. المنشور الأصل: 1344600896001474562.,A44,2020-12-31 16:28:29,https://x.com/Arabic_poetry_0/status/1344636544909410304,رد,1344600896001474562,تخريج حديث,3 — منخفض,تحقيق النسبة والروايات، شرح المعاني والنصوص,تخريج حديث صُنّف «تحقيق النسبة».,01_Attribution_and_Variants_01
1436928107961733130,2021,"إن كنت فردا قيل:مالك أعزبُ؟
وإذا عجلتَ إلى الزواج تعجبوا 

وإذا تأخر رزق ربي مدة
قالوا:لماذا ياترى لاينجبُ؟ 

وإذا رزقت بنيّتين تحسروا
قالوا:ألا ذكرٌ لأصلك ينسبُ؟ 

وإذا رزقت من الذكور تساءلوا
أين البنات؟بهنّ عيشك يعذبُ 

لو كنتَ بعد الموت تسمع قولهم
سألوك ويْ مابال قبرك مجدبُ؟",نقل مباشر,لا موضع,—,أبيات معاصرة «إن كنت فردًا قيل مالك أعزب…» بلا قائل.,—,لا نفع مباشر الآن,لا شيء.,,A45,2021-09-12 08:42:12,https://x.com/Arabic_poetry_0/status/1436928107961733130,منشور مستقل,,نص حديث,3 — منخفض,تحقيق النسبة والروايات,أبيات معاصرة بلا قائل صُنّفت «تحقيق النسبة».,01_Attribution_and_Variants_01
1518659526173478913,2022,"الأبيات التالية انتشرت كثيرًا بين الناس ومن نشرها نسبها لابن الفارض وليست موجودة في ديوانهِ:

يا مُحرقاً بالنارِ وجهَ مُحبهِ
 مهلاً فإنَ مدامعي تُطفيهِ
 أحرِق بها جسدي وكلّ جوارحِي
 واحرِص على قلبي فإنكَ فيهِ

وهي لمجير الدين بن تميم كما وردت في نفح الأزهار و ديوانهِ، والله أعلم.",رأي أصلي محتمل,مخطط: 4.22 الشعر الصوفي (ابن الفارض)؛ الباب 6 (مجير الدين بن تميم، وجه),ابن الفارض؛ مجير الدين بن تميم,«يا محرقًا بالنار وجه محبه…» نسبها الناس لابن الفارض وليست في ديوانه، وهي لمجير الدين بن تميم كما في «نفح الأزهار» وديوانه.,«نفح الأزهار» مختارات متأخرة؛ ديوان ابن تميم وديوان ابن الفارض (خارج السجل).,صالح بعد التوثيق,يُطلب مصدر أقدم من «نفح الأزهار» قبل الاعتماد.,,A46,2022-04-25 21:33:41,https://x.com/Arabic_poetry_0/status/1518659526173478913,منشور مستقل,,تعقب نسبة,2 — مدخل لمسح عصر لاحق,تحقيق النسبة والروايات,,01_Attribution_and_Variants_01
1548022757857800195,2022,"رُويَ أن أحد الأعراب عشقَ جاريةً من حيِّهِ، فكانَ يتحدَّثُ إليها، فلما علِم أهلُها بمكانهِ ومجلسهِ منها تحمَّلوا بها -أي رحلوا بها- ، فتبعَهم ينظرُ إليهم، ففُطِنَ بهِ -أي كُشِفَ أمرهُ- ، فلما علمَ أنهُ قد فُطِنَ بهِ انصرفَ وهوَ يقول:
..
👇يتبع👇 https://t.co/bIjwdU4M7R",نقل مباشر,لا موضع الآن,«أحد الأعراب»,أعرابي عشق جارية فرحل أهلها بها فتبعهم، فلما فُطن به انصرف وهو يقول…,—,يحتاج سياقًا,الأبيات في بقية السلسلة.,فيه صورة t.co. بعده تكملة («يتبع») لم تُحفظ في الدفعة.,A47,2022-07-15 22:12:41,https://x.com/Arabic_poetry_0/status/1548022757857800195,منشور مستقل,,خبر,3 — منخفض,تحقيق النسبة والروايات، اللغة والنحو والمعاجم,,01_Attribution_and_Variants_01
1575409494594654208,2022,"رُوِيَ أنَّ رجُلًا قصدَ سِيبويه ليُنافِسهُ فِي النّحو،
فخرجت لهُ جارية سيبويه فسألها قائلًا:
أينَ سيِّدكِ يا جَاريَة؟

فأجابتهُ بقَولِها:
فاءَ إلى الفَيءِ، فَإن فَاءَ الفَيءُ فَاءَ

فقَال: واللهِ إنْ كَانت هذهِ الجَارية، فمَاذا يكونُ سَيِّدُهَا؟». ورَجع !

📕: لسان العرب",نقل مباشر,مخطط: الباب 4 (سيبويه؛ لا موضع),سيبويه؛ جاريته,جارية سيبويه: «فاء إلى الفيء، فإن فاء الفيء فاء». والمصدر المذكور: لسان العرب.,لم تظهر في بحث أولي في لسان العرب [@lisan] (فيأ).,صالح للتحقيق,فحص مادة «فيأ» كاملة قبل الحكم.,,A48,2022-09-29 11:57:47,https://x.com/Arabic_poetry_0/status/1575409494594654208,منشور مستقل,,طرفة لغوية,3 — منخفض,تحقيق النسبة والروايات، اللغة والنحو والمعاجم,,01_Attribution_and_Variants_01
1593978296232038401,2022,"""وَحشتني.""

من ألفاظ مِصر وأهل مكّة في التّعبير عن الشّوق والحَنين، وهي من صريح الكَلِم، وصحيحه القديم؛ غير أنّ الاستعمال الصّواب هو ""أوحَشتَنِي"" بإضافة الألف؛ أي أدخلت على رُوحي الوَحشَة بسبب غيابك عنّي.
..
المعنى لطيف جدًا واللّغة ألطف كذلك",رأي أصلي محتمل,لا موضع,—,«وحشتني» من ألفاظ مصر ومكة، «من صريح الكلم وصحيحه القديم، غير أن الاستعمال الصواب هو أوحشتني».,—,صالح للتحقيق,يُفحص في لسان العرب [@lisan] (وحش) إن احتيج.,في العبارة تدافع ظاهر (صحيح قديم ثم الصواب غيره).,A49,2022-11-19 17:43:35,https://x.com/Arabic_poetry_0/status/1593978296232038401,منشور مستقل,,معلومة لغوية,3 — منخفض,تحقيق النسبة والروايات، شرح المعاني والنصوص,,01_Attribution_and_Variants_01
1665260427343720448,2023,"ومِن جميل شعر الغيرة ما ينسبُ لمجهولٍ:
فدع عنك ذكر العامرية إنني
أغارُ عليها من فم المتكلمِ

أغار عليها من أبيها وأمها
إذا حدّثاها بالكلامِ المُغَمغمِ

أغار على أعطافها من ثيابها إذا
 لبستها فوق جسم مُنعم

وأحسدُ أقداحًا تقبّل ثغرها
إذا وضعتها موضعَ اللثمِ في الفمِ
..
👇يتبع👇",نقل مباشر,لا موضع الآن,العامرية,«ومن جميل شعر الغيرة ما ينسب لمجهول: فدع عنك ذكر العامرية…».,—,لا نفع مباشر الآن,لا شيء.,بقية السلسلة غير محفوظة. المنشور السابق: 1665260423115841536.,A50,2023-06-04 10:33:19,https://x.com/Arabic_poetry_0/status/1665260427343720448,سلسلة,1665260423115841536,نص (غزل),3 — منخفض,تحقيق النسبة والروايات,,01_Attribution_and_Variants_01
1745507620406837533,2024,حفظه لوداد صديقه، وأنه لن يكف عن بكائه متى طال العهد به مستوحياً بذلك الأسطورة القائلة: إن الحمائم لا يزلن يبكين الهديل(اسم واحد من الحمام) كان على عهد نوح عليه السلام، فصاده جارح من جوارح الطير، قالوا فليس من حمامة تهتف إلا وهي تنوح عليه، لذا ينسب الشاعر إلى الحمام حفظهن الوداد.,نقل مع تعليق,بطاقة محتملة لصورة «الهديل» في الشعر القديم,—,أسطورة الهديل: فرخ حمام على عهد نوح صاده جارح، فالحمائم تنوح عليه.,لسان العرب [@lisan] (هدل).,صالح للتحقيق,تصلح حاشية لأي بيت فيه «الهديل» في الموقع.,وسط سلسلة؛ لا يُعرف الشاعر. المنشور السابق: 1745507618289017200.,A52,2024-01-11 21:07:01,https://x.com/Arabic_poetry_0/status/1745507620406837533,سلسلة,1745507618289017200,شرح نص؛ أسطورة,3 — منخفض,تحقيق النسبة والروايات,,01_Attribution_and_Variants_01
1780542564443025676,2024,"ومما يُذكر في ديوان الحماسة لجواري كُن يتساببن فقالت إحداهن:
يا رب مَن عادى أبي فَعادهِ
وارمِ بسهمينِِ على فؤادهِ

واجعل حِمَام نفسه في زادهِ
..............
👇👇👇",نقل مباشر,حماسة أبي تمام,جوار يتساببن,«يا رب من عادى أبي فعاده…» في ديوان الحماسة.,شرح التبريزي [@tabrizi-hamasa].,صالح للتحقيق,منخفض.,بقية السلسلة غير محفوظة. المنشور السابق: 1780542562387861515.,A53,2024-04-17 13:23:22,https://x.com/Arabic_poetry_0/status/1780542564443025676,سلسلة,1780542562387861515,نص (رجز),3 — منخفض,تحقيق النسبة والروايات، الكتب والمصادر والقراءة,,01_Attribution_and_Variants_01
1273904663666913281,2020,"@messrajou مما ينسب للإمام علي ملخص عن الحياة في ثلاثة ابيات : 
النفسُ تبكي على الدنيا وقد علمت 
أن السعادة فيها ترك ما فيـهـا

لا دار للمرءِ بعد الموت يسكنهـا 
إلا التي كانَ قبل الموتِ بانيها

والنفس تعلم أني لا أصادقهـا 
ولست أرشدُ إلا حين أعصيهـا",نقل مباشر,مقترح: «ما نُحل على علي»,علي بن أبي طالب,«النفس تبكي على الدنيا…» مما ينسب لعلي.,—,صالح بعد التوثيق,قائمة المنسوبات للفحص.,سياق المحادثة غير متاح. المنشور الأصل: 1273896589845770240.,A54,2020-06-19 12:05:14,https://x.com/Arabic_poetry_0/status/1273904663666913281,رد,1273896589845770240,نسبة غير محققة,3 — منخفض,تحقيق النسبة والروايات,,01_Attribution_and_Variants_01
1274999490827571200,2020,"@ALSAIARRI ""الله عليك ذكرتني بقول ينسب لعبدالقادر الاسود "" والشعر يا سيد الشعراء بالشعر يُذكر! 
""تقول مللتني?  غُنجا ودَلا 
كأني صرت في العشاق نذلا
 
وانت الروح يا ليلاي مني 
فكيف ترينَ تركَ الروح سهلا؟ 

وفيك صبابتي واليك شوقي 
وطيفك في حنايا الصدر حلا""",نقل مباشر,لا موضع,عبد القادر الأسود,«تقول مللتني غنجًا ودلًا…» قول ينسب لعبد القادر الأسود.,—,لا نفع مباشر الآن,لا شيء.,سياق المحادثة غير متاح. المنشور الأصل: 1274995910330777602.,A55,2020-06-22 12:35:41,https://x.com/Arabic_poetry_0/status/1274999490827571200,رد,1274995910330777602,نص (حديث على الأرجح),3 — منخفض,تحقيق النسبة والروايات,,01_Attribution_and_Variants_01
1276145829317877764,2020,"مما ينسب للبحتري : 
أستخبرُ البدرَ عنكم كُلما طلعا
وأسـألُ البرقَ عنكم كلما لمَعـا

أبيتُ والشوقُ يطويني وينشرني
براحتيهِ ولم أشـكو لـهُ وَجعا

أحباب قلبي وإن طال المدىٰ فلكم
قد قطع الشوقُ قلبي بعدكم قِطعا

لاتحســـبوا أنني بالغيرِ منشغلٌ
إن الفــؤاد لحبِّ الغير مـا وسِـعا",نقل مباشر,مخطط: 4.6 البحتري (بعد التحقق فقط),البحتري,«أستخبر البدر عنكم…» «مما ينسب للبحتري» (أربعة أبيات).,ديوان البحتري (خارج السجل).,صالح بعد التوثيق,انظر C24.,رواية أخرى لـ C24.,A56,2020-06-25 16:30:50,https://x.com/Arabic_poetry_0/status/1276145829317877764,منشور مستقل,,نسبة غير محققة؛ رواية مختلفة,3 — منخفض,تحقيق النسبة والروايات,رواية أخرى لـ C24 دون ربط.,01_Attribution_and_Variants_01
1276416101983719424,2020,"مِن جميلِ ما ينسبُ للإمام علي رضي الله عنه : 
تحيرت والرحمن لا شك فـي أمـري
 وحاطت بي الأحزان من حيث لا أدري

سأصبر حتى يعجز الصبر عن صبري
 وأصبر حتى يقضي الله فـي أمـري

سأصبـر مغلوبـاً بغـيـر تـوجـع
 كما يصبر الظمآن في أزمـن الحـر
""يتبع"" 👇
#نمير_البيان 
#مجمع_الأدب",نقل مباشر,مقترح: «ما نُحل على علي»,علي بن أبي طالب,«تحيرت والرحمن لا شك في أمري…» مما ينسب لعلي.,—,صالح بعد التوثيق,قائمة المنسوبات للفحص.,بعده تكملة («يتبع») لم تُحفظ في الدفعة.,A57,2020-06-26 10:24:48,https://x.com/Arabic_poetry_0/status/1276416101983719424,منشور مستقل,,نسبة غير محققة,3 — منخفض,تحقيق النسبة والروايات,,01_Attribution_and_Variants_01
1280867638466318336,2020,"@Metwaly_1 وقيل يا دكتورنا:

إِذا نادى الهوى والعقلُ يوماً فصوتُ العقلِ أولى أن يجابا.""
ومما يُنسبُ للإمام علي : 
إن القلوب اذا تنافر ودها شبه الزجاجة كسرها لا يشعبُ
..
بوركت لجمال حرفك دكتورنا الحبيب",نقل مباشر,مقترح: «ما نُحل على علي»,علي بن أبي طالب,«إن القلوب إذا تنافر ودها…» مما ينسب لعلي؛ ومعه بيت «إذا نادى الهوى والعقل يومًا…» بلا قائل.,—,صالح بعد التوثيق,قائمة المنسوبات للفحص.,سياق المحادثة غير متاح. المنشور الأصل: 1280862099992952834.,A58,2020-07-08 17:13:37,https://x.com/Arabic_poetry_0/status/1280867638466318336,رد,1280862099992952834,نسبة غير محققة,3 — منخفض,تحقيق النسبة والروايات,,01_Attribution_and_Variants_01
1283789299767373825,2020,"وَلَو أَنّي اِستَطَعتُ لَتُبتُ عَنهُ
وَلَكِن كَيفَ عَن روحي المَتابُ

وَلي قَلبٌ بِأَن يَهوى يُجازى
وَمالِكُهُ بِأَن يَجني يُثابُ

وَلَو وُجِدَ العِقابُ فَعَلتُ لَكِن
نِفارُ الظَبيِ لَيسَ لَهُ عِقابُ
.
أحمد شوقي 
.
#مجمع_الأدب 
#نمير_البيان",نقل مباشر,مخطط: 7.3–7.4 أحمد شوقي,أحمد شوقي,«ولو أني استطعت لتبت عنه…» لأحمد شوقي.,—,صالح بعد التوثيق,فحص الشوقيات عند مسح النهضة.,,A59,2020-07-16 18:43:15,https://x.com/Arabic_poetry_0/status/1283789299767373825,منشور مستقل,,نسبة,3 — منخفض,تحقيق النسبة والروايات,نقل عادي مع اسم الشاعر صُنّف «تحقيق النسبة».,01_Attribution_and_Variants_01
1300075513080213504,2020,"@orabi11 لا يصح الا بجواب الشرط يا صديقي.. السؤال لماذا يكاد فضيض (رذاذ) الماء يخدش جلدها؟  
تجد الجواب رقة الجلد.. اتمنى أن الفكرة وصلتك.. مساء المحبة لقلبك أستاذ ممدوح",رأي أصلي محتمل,لا موضع الآن,—,«لا يصح إلا بجواب الشرط… لماذا يكاد فضيض الماء يخدش جلدها؟ الجواب رقة الجلد».,—,يحتاج سياقًا,معرفة البيت من المحادثة.,سياق المحادثة غير متاح. المنشور الأصل: 1300074595056267264.,A60,2020-08-30 17:18:51,https://x.com/Arabic_poetry_0/status/1300075513080213504,رد,1300074595056267264,شرح نص,3 — منخفض,تحقيق النسبة والروايات,,01_Attribution_and_Variants_01
1307217780664537088,2020,"قَمرٌ تَفَرَّدَ بالمَحاسِنِ كلِّها
فإليه يُنسَبُ كلُّ حُسْنٍ يُوصَفُ

فَجَبِينُهُ صُبحٌ وطُرَّتُه دُجىً
وقَوامُه غُصْنٌ رطيبٌ أهيَفُ

للهِ ذاك الوجهُ كيفَ تألَّفت
فيه بدائِعُ لم تكنْ تَتألَّفُ

وَرْدٌ يُعَصفِرُهُ الحَياءُ ونَرجِسٌ
يُغْضي إذا طالَ العِتابُ ويُطْرَفُ
.
السري الرفاء",نقل مباشر,وجه عباسي (السري الرفاء),السري الرفاء,«قمر تفرد بالمحاسن كلها…» للسري الرفاء.,—,صالح للتحقيق,منخفض؛ يتيمة الدهر [@yatima].,نص A73 مطابق له (2022).,A61,2020-09-19 10:19:40,https://x.com/Arabic_poetry_0/status/1307217780664537088,منشور مستقل,,نص,3 — منخفض,تحقيق النسبة والروايات,نقل عادي مع اسم الشاعر صُنّف «تحقيق النسبة»؛ ومكرر في A73 دون تنبيه.,01_Attribution_and_Variants_01
1318616256799514624,2020,"مِما يُنسبُ للإمام علي ابن ابي طالب أنهُ سُئِلَ:
- أهناكَ أشّد مِن المَوت ؟ 
- قال نعم : فِراقُ الأحِبة أشد مِن المَوت ! 
.
وَمِنهُ قالَ شَاعِر:
مَن كانَ لم يذُقِ الهوَى أو ذاقَهُ 
 فلقَد أخذتُ مِن الهوَى بنَصيبِ

فرأيتُ أنَّ أشدَّ كلِّ بَليَّةٍ 
 قُضِيَت على أحدٍ: فِراقُ حبيبِ",نقل مباشر,مقترح: «ما نُحل على علي»,علي بن أبي طالب,قول منسوب لعلي: «فراق الأحبة أشد من الموت»، وبيتان بلا قائل في معناه.,—,لا نفع مباشر الآن,لا شيء الآن.,,A62,2020-10-20 21:13:08,https://x.com/Arabic_poetry_0/status/1318616256799514624,منشور مستقل,,نسبة غير محققة,3 — منخفض,تحقيق النسبة والروايات,,01_Attribution_and_Variants_01
1325420828607983617,2020,"@AhmadHn90 وردت في الديوان أنها له.. الله أعلم ..هناك أبيات كثيرة تنسب له لعظيم شأنه وجلالة مكانته رضي الله عنه.. لإنه كان حكيما عالما متفقها تنسب إليه أبيات لم يقلها وإن لاحظت أبيات الحكمة تنسب له أو للشافعي ليس لشيء إنما لـ جلالة قدرهما.. ❤😊 
محبتي يا جميل.. 😊",رأي أصلي محتمل,مقترح: مقدمة موضوع «ما نُحل على علي والشافعي»؛ ويمكن الإحالة إليه من 1.17,علي بن أبي طالب؛ الشافعي,«أبيات الحكمة تنسب له أو للشافعي ليس لشيء إنما لجلالة قدرهما».,تحتاج الأطروحة سندًا من الدارسين (ديوان علي المنسوب جمع متأخر).,صالح بعد التوثيق,تُصاغ «قراءتنا» بعد سندها، ويُذكر تعبير صاحب الحساب وتاريخه في الأرشيف.,سياق المحادثة غير متاح («وردت في الديوان أنها له» عن أبيات لا تُعرف). المنشور الأصل: 1325419778203398147.,A63,2020-11-08 15:52:05,https://x.com/Arabic_poetry_0/status/1325420828607983617,رد,1325419778203398147,منهج (أطروحة في النحل),2 — مدخل لمسح عصر لاحق,تحقيق النسبة والروايات,,01_Attribution_and_Variants_01
1373208860165427202,2021,"@Alaa_al000 ما أذكره ويحضرني الآن شعر ينسب لمعاوية: 

""بيضاءُ لا كدَرٌ يشوبُ صفاءَها
كالياسمَين نقاوةً و عبيرا

ألوتْ عليَّ فضمَّني من شَعرِها
ليلُ رأيتُ البَدر فيهِ مُنيرا""",نقل مباشر,الباب 2 أو 3 (معاوية؛ لا موضع),معاوية,«بيضاء لا كدر يشوب صفاءها…» شعر ينسب لمعاوية.,—,صالح بعد التوثيق,لا شيء الآن.,سياق المحادثة غير متاح. وصاحب الحساب نقلها من الذاكرة («ما أذكره»). المنشور الأصل: 1373207325834625024.,A64,2021-03-20 12:44:39,https://x.com/Arabic_poetry_0/status/1373208860165427202,رد,1373207325834625024,نسبة غير محققة,3 — منخفض,تحقيق النسبة والروايات,,01_Attribution_and_Variants_01
1378444699149553664,2021,"@lateeny محبتي يا عزيزي.. أظن والله أعلم ان البيت الأول منسوب له وليس له!  لم أجده في ديوانه -تحديدا في قصيدة فؤادي بربع الظاعنين أَسير- .
شكرا لك أبا مراد.. 💙",رأي أصلي محتمل,غير محدد,—,«البيت الأول منسوب له وليس له! لم أجده في ديوانه، تحديدًا في قصيدة: فؤادي بربع الظاعنين أسير».,—,يحتاج سياقًا,تحديد الشاعر والبيت من المحادثة.,سياق المحادثة غير متاح. المنشور الأصل: 1378318291568111620.,A65,2021-04-03 23:30:01,https://x.com/Arabic_poetry_0/status/1378444699149553664,رد,1378318291568111620,تعقب نسبة (بالديوان),3 — منخفض,تحقيق النسبة والروايات,,01_Attribution_and_Variants_01
1468859966593269761,2021,"""شَاوِر سِواكَ إذا نابتكَ نائِبةٌ~
يومًا وإن كُنتَ من أهلِ المَشُوراتِ

فالعينُ تنظرُ مِنها ما دنا ونأى~
ولا تَرى نَفسها إلَّا بمرآةِ""
..
تُنسب لـ ناصر الدين الأرجاني إذا أردت قراءة المزيد له فتابع سلسة التغريدات:
👇✨👇 https://t.co/8eJIE9OhE9",نقل مباشر,وجه (الأرجاني),«ناصر الدين الأرجاني»,«شاور سواك إذا نابتك نائبة…» تنسب للأرجاني.,وفيات الأعيان [@wafayat] ترجمة الأرجاني.,صالح للتحقيق,منخفض. ولقبه المعروف «ناصح الدين»، فيُضبط.,فيه رابط t.co.,A66,2021-12-09 11:28:00,https://x.com/Arabic_poetry_0/status/1468859966593269761,منشور مستقل,,نسبة,3 — منخفض,تحقيق النسبة والروايات,,01_Attribution_and_Variants_01
1469572771050967042,2021,"فَحَرَّكَ رَأسَهُ عَجباً لِقَولي
وقالَ: الحُبُّ لَيسَ لَهُ طَبيبُ 

فأَعجَبَني الَّذي قَد قالَ جِدّاً
وقُلتُ: بَلى إِذا رَضِيَ الحَبيبُ 

فقالَ: هُوَ الشِفاءُ فَلا تُقَصِّر
فقُلتُ: أَجَل وَلكِنْ لا يُجيبُ 

أَلا هَلْ مُسعِدٌ يَبكي لِشَجوي؟
فإنّي هائِمٌ فردٌ غَريبُ. 

علي بن الجهم",نقل مباشر,وجه عباسي (علي بن الجهم),علي بن الجهم,«فحرك رأسه عجبًا لقولي…» لعلي بن الجهم.,ديوانه ت. مردم (خارج السجل).,صالح بعد التوثيق,منخفض.,بقية السلسلة غير محفوظة. المنشور السابق: 1469572769180311554.,A67,2021-12-11 10:40:26,https://x.com/Arabic_poetry_0/status/1469572771050967042,سلسلة,1469572769180311554,نص,3 — منخفض,تحقيق النسبة والروايات,نقل عادي مع اسم الشاعر صُنّف «تحقيق النسبة».,01_Attribution_and_Variants_01
1498749233213575168,2022,"ممّا يُنسبُ للإمام علي -رضي الله عنه- :
رُبَّ يَومٍ بَكَيتُ مِنهُ فَلَّما
                     صُرتُ في غَيرِهِ بَكَيتُ عَلَيهِ
..
ومِثلهُ قولُ القاضي الأرجاني:
ما إن وَصلتُ إلى زمانٍ آخرٍ
                      إلا بكيتُ على الزمانِ الأولِ",نقل مع تعليق,مقترح: «ما نُحل على علي»؛ وجه عباسي (الأرجاني),علي بن أبي طالب؛ القاضي الأرجاني,«رب يوم بكيت منه…» مما ينسب لعلي، ومثله قول الأرجاني «ما إن وصلت إلى زمان آخر إلا بكيت على الزمان الأول».,ديوان الأرجاني (خارج السجل)؛ وفيات الأعيان [@wafayat] ترجمته.,صالح بعد التوثيق,قائمة المنسوبات؛ والموازنة تُحفظ مثالًا محتملًا لبطاقة «الأخذ».,,A68,2022-03-01 22:57:17,https://x.com/Arabic_poetry_0/status/1498749233213575168,منشور مستقل,,موازنة (أخذ),3 — منخفض,تحقيق النسبة والروايات,,01_Attribution_and_Variants_01
1519748094555877376,2022,"مِن رقيقِ ما يُنسبُ لكثيّر عزّة قولهِ مسترسلاً غَزِلاً في قصيدةٍ تُمزجُ بماءِ الرّاح:

لقد هَجَرت سُعدى وطالَ صدودُها
وعاوَدَ عيني دمعُها وسُهودُها

وكنتُ إذا ما زرتُ سُعدى بأرضِها
أرى الأرضَ تُطوى لي ويدنو بعيدُها
..
👇يتبع👇 https://t.co/VRWh5w0shZ",نقل مباشر,مخطط: 3.6 كثير عزة,كثير عزة؛ سعدى,«لقد هجرت سعدى وطال صدودها…» «من رقيق ما ينسب لكثير».,ديوان كثير (خارج السجل).,صالح بعد التوثيق,فحص عند كتابة 3.6.,المحبوبة في الأبيات سعدى لا عزة، وفي ذلك ما يستوقف. وفيه صورة t.co. بعده تكملة («يتبع») لم تُحفظ في الدفعة.,A69,2022-04-28 21:39:15,https://x.com/Arabic_poetry_0/status/1519748094555877376,منشور مستقل,,نسبة غير محققة,3 — منخفض,تحقيق النسبة والروايات,,01_Attribution_and_Variants_01
1523613942861295616,2022,"ما تقولُ في رجلٍ لم يزنِ قطُّ، ولم يشرب خمرًا قطُّ، ولم يقتُل نفسًا حرامًا قطُّ، يشهدُ أن لا إله إلا الله؟ فقلتُ: أظنُّه والله قد نجا، فمن هذا الرجل؟ قال: أنا. 
قلتُ: واللهِ ما سلمتَ (يُريد من الزنا) وأنتَ منذُ عشرين سنة تنسب(تتغزل) ببثينة، فقال: 
...
👇يتبع👇",نقل مباشر,مخطط: 3.5 جميل بثينة,جميل بثينة,خبر: «ما تقول في رجل لم يزن قط…؟» «وأنت منذ عشرين سنة تنسب ببثينة».,فحص أولي: النص في الشعر والشعراء ج1 ص431 [@ibn-qutayba]؛ والأغاني [@aghani-dk] للمقارنة.,صالح للتحقيق,مادة جاهزة لـ 3.5 بعد التحقيق ودرجة الخبر.,المنشور وسط سلسلة؛ جواب جميل غير محفوظ. المنشور السابق: 1523613940340576256.,A70,2022-05-09 13:40:46,https://x.com/Arabic_poetry_0/status/1523613942861295616,سلسلة,1523613940340576256,خبر (العذرية),2 — مدخل لمسح عصر لاحق,تحقيق النسبة والروايات,,01_Attribution_and_Variants_01
1525081580674265089,2022,"هٰذه الأبياتُ تنسَبُ لعدةِ شعراء المجنون ،العرجي،الحسين الغزي و لذي الرمة:
 
حَوراءُ لو نَظَرَت يوما إلى حجرٍ
لأثَّرت سَقَمًا في ذلك الحجَرِ

يزداد توريدُ خَدَّيها إذا نَظرَت
كما يزيد نباتُ الأرض بالمطرِ

فالوردُ وجنَتُها، والخمرُ ريقتُها
وضوءُ بَهجتِها أضوَى مِن القمرِ
..
👇👇",نقل مع تعليق,مخطط: 3.9 ذو الرمة؛ 3.7 المجنون,المجنون؛ العرجي؛ الحسين الغزي؛ ذو الرمة,«حوراء لو نظرت يومًا إلى حجر…» تنسب لعدة شعراء.,ديوان ذي الرمة [@diwan-dhi-al-rumma] متاح للفحص الآن.,صالح للتحقيق,فحص ديوان ذي الرمة أولًا.,الاسم «الحسين الغزي» يحتاج ضبطًا: المشهور بالغزي إبراهيم بن عثمان.,A71,2022-05-13 14:52:38,https://x.com/Arabic_poetry_0/status/1525081580674265089,منشور مستقل,,نسبة متعددة,2 — مدخل لمسح عصر لاحق,تحقيق النسبة والروايات,,01_Attribution_and_Variants_01
1532126162595487746,2022,"وقد مددتُ يدي بالذلِّ مبتهلاً
إليك يا خيرَ من مُدَّت إليه يدُ

فلا تـــــردنَّها يا رب خــــــائبةً
فبحرُ جودك يروي كلَّ من يردُ
..
تنسب لـ الروّاس... الشافعي.. الفيروزآبادي الشيرازي الشافعي",نقل مباشر,مقترح: «ما نُحل على الشافعي»,الروّاس؛ الشافعي؛ الفيروزآبادي,«وقد مددت يدي بالذل مبتهلًا…» تنسب للرواس، وللشافعي، وللفيروزآبادي.,—,صالح بعد التوثيق,قائمة المنسوبات للفحص.,بقية السلسلة غير محفوظة. المنشور السابق: 1532126158296326144.,A72,2022-06-02 01:25:17,https://x.com/Arabic_poetry_0/status/1532126162595487746,سلسلة,1532126158296326144,نسبة متعددة,3 — منخفض,تحقيق النسبة والروايات,,01_Attribution_and_Variants_01
1542076818819321858,2022,"قَمَرٌ تَفَرَّدَ بالمحاسِنِ كلِّها
فإليهِ يُنسبُ كلُّ حُسنٍ يُوصَفُ 

فَجبينُهُ صُبحٌ وطُرَّتُهُ دُجىً
وقَوامُهُ غُصنٌ رطيبٌ أهيَفُ 

للهِ ذاكَ الوجهُ كيفَ تألَّفَت
فيه بدائِعُ لم تكن تَتألَّفُ 

وَردٌ يُعَصفِرُهُ الحَياءُ ونَرجِسٌ
يُغضي إذا طالَ العِتابُ ويُطرَفُ
..
السري الرفاء",نقل مباشر,كما في A61,السري الرفاء,تكرار A61 (2022).,—,لا نفع مباشر الآن,لا شيء؛ مكرر.,,A73,2022-06-29 12:25:38,https://x.com/Arabic_poetry_0/status/1542076818819321858,منشور مستقل,,نص (مكرر),3 — منخفض,تحقيق النسبة والروايات,مكرر A61 دون تنبيه.,01_Attribution_and_Variants_01
1569628240716910592,2022,"مما يُنسب للإمام الشافعي -رحمه الله- وورد في كتاب عودة الحجاب أبيات رقيقة:
قرُب الرحِيلُ الى دِيارِ الآخره
فَاجعَلْ إلهي خيرَ عُمرِي آخِرَهُ

فلئن رَحمتَ فأنت أكرم رَاحِمٍ
وَبِحارُ جُودِك يا إلهي زاخِرَه

آنِسْ مبيتي في القبورِ وَوِحدَتي
وارحم عظامي حين تبقى ناخِرَه
..
👇يتبع👇 https://t.co/ruSScfgZMd",نقل مباشر,مقترح: «ما نُحل على الشافعي»,الشافعي,«قرب الرحيل إلى ديار الآخرة…» تنسب للشافعي ووردت في كتاب «عودة الحجاب».,«عودة الحجاب» كتاب حديث لا يصلح سندًا للنسبة.,صالح بعد التوثيق,قائمة المنسوبات للفحص.,بعده تكملة («يتبع») لم تُحفظ في الدفعة. فيه رابط أو وسائط (t.co) لم تُحفظ مادتها في الدفعة.,A74,2022-09-13 13:05:09,https://x.com/Arabic_poetry_0/status/1569628240716910592,منشور مستقل,,نسبة غير محققة,3 — منخفض,تحقيق النسبة والروايات,,01_Attribution_and_Variants_01
1579180665622659074,2022,"البيت الأول من الموشح: 
أيها العاشقُ معنى حُسنِنا
مَهرُنا غالٍ لمن يَطلُبُنَا

جسدٌ مضنى وروحٌ في العنا
وجفونٌ لا تذوقُ الوَسَنا
..
وبيتُ القصيدِ قولهُ:
وإذا قِيلَ: مَن تهوى؟ فقل: أنا
مَن أهوى ومَن أهوى أنا
..
تنسب للشيخ: العز بن عبد السلام https://t.co/EL8vIurV8W",نقل مباشر,مخطط: 4.22 الشعر الصوفي (الحلاج)؛ 5.5 الموشحات,العز بن عبد السلام؛ (الحلاج: صاحب «أنا من أهوى» في المشهور),الموشح «أيها العاشق معنى حسننا…» وبيت قصيده «فقل: أنا من أهوى ومن أهوى أنا» ينسب للعز بن عبد السلام.,—,صالح بعد التوثيق,إن دخل: يُذكر أن «أنا من أهوى ومن أهوى أنا» صدر بيت مشهور للحلاج (يُتحقق)، فالموشح يضمّنه. والنسبة للعز تحتاج مصدرًا.,فيه رابط t.co.,A75,2022-10-09 21:43:05,https://x.com/Arabic_poetry_0/status/1579180665622659074,منشور مستقل,,نسبة غير محققة؛ تضمين,3 — منخفض,تحقيق النسبة والروايات,,01_Attribution_and_Variants_01
